,raceId,year,round,positionDisplayOrder,positionNumber,positionText,driverNumber,driverId,constructorId,engineManufacturerId,tyreManufacturerId,time,timeMillis,gap,gapMillis,interval,intervalMillis,laps
0,714,2004,1,1,1,1,1,michael-schumacher,ferrari,ferrari,bridgestone,1:25.093,85093.0,,,,,13
1,714,2004,1,2,2,2,3,juan-pablo-montoya,williams,bmw,michelin,1:25.255,85255.0,0.162,162.0,0.162,162.0,9
2,714,2004,1,3,3,3,4,ralf-schumacher,williams,bmw,michelin,1:25.628,85628.0,0.535,535.0,0.373,373.0,9
3,714,2004,1,4,4,4,2,rubens-barrichello,ferrari,ferrari,bridgestone,1:25.649,85649.0,0.556,556.0,0.021,21.0,12
4,714,2004,1,5,5,5,8,fernando-alonso,renault,renault,michelin,1:25.908,85908.0,0.815,815.0,0.259,259.0,11
5,714,2004,1,6,6,6,17,olivier-panis,toyota,toyota,michelin,1:25.916,85916.0,0.823,823.0,0.008,8.0,14
6,714,2004,1,7,7,7,7,jarno-trulli,renault,renault,michelin,1:25.927,85927.0,0.834,834.0,0.011,11.0,9
7,714,2004,1,8,8,8,14,mark-webber,jaguar,cosworth,michelin,1:26.066,86066.0,0.973,973.0,0.139,139.0,11
8,714,2004,1,9,9,9,6,kimi-raikkonen,mclaren,mercedes,michelin,1:26.127,86127.0,1.034,1034.0,0.061,61.0,8
9,714,2004,1,10,10,10,5,david-coulthard,mclaren,mercedes,michelin,1:26.133,86133.0,1.04,1040.0,0.006,6.0,11
10,714,2004,1,11,11,11,9,jenson-button,bar,honda,michelin,1:26.403,86403.0,1.31,1310.0,0.27,270.0,14
11,714,2004,1,12,12,12,16,cristiano-da-matta,toyota,toyota,michelin,1:26.597,86597.0,1.504,1504.0,0.194,194.0,17
12,714,2004,1,13,13,13,15,christian-klien,jaguar,cosworth,michelin,1:27.088,87088.0,1.995,1995.0,0.491,491.0,14
13,714,2004,1,14,14,14,12,felipe-massa,sauber,petronas,bridgestone,1:27.172,87172.0,2.079,2079.0,0.084,84.0,13
14,714,2004,1,15,15,15,11,giancarlo-fisichella,sauber,petronas,bridgestone,1:27.195,87195.0,2.102,2102.0,0.023,23.0,12
15,714,2004,1,16,16,16,10,takuma-sato,bar,honda,michelin,1:27.592,87592.0,2.499,2499.0,0.397,397.0,9
16,714,2004,1,17,17,17,18,nick-heidfeld,jordan,ford,bridgestone,1:27.755,87755.0,2.662,2662.0,0.163,163.0,14
17,714,2004,1,18,18,18,19,giorgio-pantano,jordan,ford,bridgestone,1:28.825,88825.0,3.732,3732.0,1.07,1070.0,12
18,714,2004,1,19,19,19,20,gianmaria-bruni,minardi,cosworth,bridgestone,1:30.496,90496.0,5.403,5403.0,1.671,1671.0,16
19,714,2004,1,20,20,20,21,zsolt-baumgartner,minardi,cosworth,bridgestone,1:31.763,91763.0,6.67,6670.0,1.267,1267.0,13
20,715,2004,2,1,1,1,1,michael-schumacher,ferrari,ferrari,bridgestone,1:33.526,93526.0,,,,,11
21,715,2004,2,2,2,2,3,juan-pablo-montoya,williams,bmw,michelin,1:33.563,93563.0,0.037,37.0,0.037,37.0,8
22,715,2004,2,3,3,3,4,ralf-schumacher,williams,bmw,michelin,1:33.973,93973.0,0.447,447.0,0.41,410.0,8
23,715,2004,2,4,4,4,7,jarno-trulli,renault,renault,michelin,1:34.041,94041.0,0.515,515.0,0.068,68.0,12
24,715,2004,2,5,5,5,2,rubens-barrichello,ferrari,ferrari,bridgestone,1:34.061,94061.0,0.535,535.0,0.02,20.0,9
25,715,2004,2,6,6,6,9,jenson-button,bar,honda,michelin,1:34.128,94128.0,0.602,602.0,0.067,67.0,13
26,715,2004,2,7,7,7,6,kimi-raikkonen,mclaren,mercedes,michelin,1:34.163,94163.0,0.637,637.0,0.035,35.0,10
27,715,2004,2,8,8,8,5,david-coulthard,mclaren,mercedes,michelin,1:34.181,94181.0,0.655,655.0,0.018,18.0,10
28,715,2004,2,9,9,9,8,fernando-alonso,renault,renault,michelin,1:34.194,94194.0,0.668,668.0,0.013,13.0,10
29,715,2004,2,10,10,10,14,mark-webber,jaguar,cosworth,michelin,1:34.381,94381.0,0.855,855.0,0.187,187.0,12
30,715,2004,2,11,11,11,17,olivier-panis,toyota,toyota,michelin,1:34.929,94929.0,1.403,1403.0,0.548,548.0,16
31,715,2004,2,12,12,12,12,felipe-massa,sauber,petronas,bridgestone,1:34.943,94943.0,1.417,1417.0,0.014,14.0,5
32,715,2004,2,13,13,13,15,christian-klien,jaguar,cosworth,michelin,1:34.953,94953.0,1.427,1427.0,0.01,10.0,16
33,715,2004,2,14,14,14,11,giancarlo-fisichella,sauber,petronas,bridgestone,1:35.036,95036.0,1.51,1510.0,0.083,83.0,10
34,715,2004,2,15,15,15,10,takuma-sato,bar,honda,michelin,1:35.144,95144.0,1.618,1618.0,0.108,108.0,13
35,715,2004,2,16,16,16,16,cristiano-da-matta,toyota,toyota,michelin,1:35.441,95441.0,1.915,1915.0,0.297,297.0,15
36,715,2004,2,17,17,17,18,nick-heidfeld,jordan,ford,bridgestone,1:36.607,96607.0,3.081,3081.0,1.166,1166.0,11
37,715,2004,2,18,18,18,19,giorgio-pantano,jordan,ford,bridgestone,1:38.059,98059.0,4.533,4533.0,1.452,1452.0,12
38,715,2004,2,19,19,19,20,gianmaria-bruni,minardi,cosworth,bridgestone,1:38.554,98554.0,5.028,5028.0,0.495,495.0,13
39,715,2004,2,20,20,20,21,zsolt-baumgartner,minardi,cosworth,bridgestone,1:39.893,99893.0,6.367,6367.0,1.339,1339.0,13
40,716,2004,3,1,1,1,9,jenson-button,bar,honda,michelin,1:29.552,89552.0,,,,,14
41,716,2004,3,2,2,2,4,ralf-schumacher,williams,bmw,michelin,1:29.690,89690.0,0.138,138.0,0.138,138.0,9
42,716,2004,3,3,3,3,3,juan-pablo-montoya,williams,bmw,michelin,1:29.696,89696.0,0.144,144.0,0.006,6.0,13
43,716,2004,3,4,4,4,10,takuma-sato,bar,honda,michelin,1:30.239,90239.0,0.687,687.0,0.543,543.0,19
44,716,2004,3,5,5,5,1,michael-schumacher,ferrari,ferrari,bridgestone,1:30.407,90407.0,0.855,855.0,0.168,168.0,11
45,716,2004,3,6,6,6,7,jarno-trulli,renault,renault,michelin,1:30.472,90472.0,0.92,920.0,0.065,65.0,10
46,716,2004,3,7,7,7,16,cristiano-da-matta,toyota,toyota,michelin,1:30.499,90499.0,0.947,947.0,0.027,27.0,12
47,716,2004,3,8,8,8,2,rubens-barrichello,ferrari,ferrari,bridgestone,1:30.513,90513.0,0.961,961.0,0.014,14.0,11
48,716,2004,3,9,9,9,8,fernando-alonso,renault,renault,michelin,1:30.774,90774.0,1.222,1222.0,0.261,261.0,12
49,716,2004,3,10,10,10,17,olivier-panis,toyota,toyota,michelin,1:30.934,90934.0,1.382,1382.0,0.16,160.0,13
50,716,2004,3,11,11,11,6,kimi-raikkonen,mclaren,mercedes,michelin,1:31.320,91320.0,1.768,1768.0,0.386,386.0,9
51,716,2004,3,12,12,12,15,christian-klien,jaguar,cosworth,michelin,1:31.331,91331.0,1.779,1779.0,0.011,11.0,12
52,716,2004,3,13,13,13,14,mark-webber,jaguar,cosworth,michelin,1:31.384,91384.0,1.832,1832.0,0.053,53.0,12
53,716,2004,3,14,14,14,11,giancarlo-fisichella,sauber,petronas,bridgestone,1:32.433,92433.0,2.881,2881.0,1.049,1049.0,11
54,716,2004,3,15,15,15,12,felipe-massa,sauber,petronas,bridgestone,1:32.557,92557.0,3.005,3005.0,0.124,124.0,12
55,716,2004,3,16,16,16,18,nick-heidfeld,jordan,ford,bridgestone,1:32.816,92816.0,3.264,3264.0,0.259,259.0,12
56,716,2004,3,17,17,17,19,giorgio-pantano,jordan,ford,bridgestone,1:33.342,93342.0,3.79,3790.0,0.526,526.0,7
57,716,2004,3,18,18,18,20,gianmaria-bruni,minardi,cosworth,bridgestone,1:34.590,94590.0,5.038,5038.0,1.248,1248.0,11
58,716,2004,3,19,19,19,21,zsolt-baumgartner,minardi,cosworth,bridgestone,1:35.901,95901.0,6.349,6349.0,1.311,1311.0,7
59,716,2004,3,20,20,20,5,david-coulthard,mclaren,mercedes,michelin,,,,,,,4
60,717,2004,4,1,1,1,1,michael-schumacher,ferrari,ferrari,bridgestone,1:20.125,80125.0,,,,,7
61,717,2004,4,2,2,2,9,jenson-button,bar,honda,michelin,1:20.150,80150.0,0.025,25.0,0.025,25.0,15
62,717,2004,4,3,3,3,8,fernando-alonso,renault,renault,michelin,1:20.844,80844.0,0.719,719.0,0.694,694.0,13
63,717,2004,4,4,4,4,5,david-coulthard,mclaren,mercedes,michelin,1:20.844,80844.0,0.719,719.0,0.0,0.0,10
64,717,2004,4,5,5,5,3,juan-pablo-montoya,williams,bmw,michelin,1:20.975,80975.0,0.85,850.0,0.131,131.0,7
65,717,2004,4,6,6,6,2,rubens-barrichello,ferrari,ferrari,bridgestone,1:20.996,80996.0,0.871,871.0,0.021,21.0,10
66,717,2004,4,7,7,7,10,takuma-sato,bar,honda,michelin,1:21.159,81159.0,1.034,1034.0,0.163,163.0,14
67,717,2004,4,8,8,8,7,jarno-trulli,renault,renault,michelin,1:21.198,81198.0,1.073,1073.0,0.039,39.0,12
68,717,2004,4,9,9,9,6,kimi-raikkonen,mclaren,mercedes,michelin,1:21.199,81199.0,1.074,1074.0,0.001,1.0,14
69,717,2004,4,10,10,10,16,cristiano-da-matta,toyota,toyota,michelin,1:21.257,81257.0,1.132,1132.0,0.058,58.0,13
70,717,2004,4,11,11,11,4,ralf-schumacher,williams,bmw,michelin,1:21.271,81271.0,1.146,1146.0,0.014,14.0,10
71,717,2004,4,12,12,12,17,olivier-panis,toyota,toyota,michelin,1:21.296,81296.0,1.171,1171.0,0.025,25.0,12
72,717,2004,4,13,13,13,14,mark-webber,jaguar,cosworth,michelin,1:21.393,81393.0,1.268,1268.0,0.097,97.0,16
73,717,2004,4,14,14,14,11,giancarlo-fisichella,sauber,petronas,bridgestone,1:22.022,82022.0,1.897,1897.0,0.629,629.0,10
74,717,2004,4,15,15,15,12,felipe-massa,sauber,petronas,bridgestone,1:22.077,82077.0,1.952,1952.0,0.055,55.0,8
75,717,2004,4,16,16,16,15,christian-klien,jaguar,cosworth,michelin,1:23.222,83222.0,3.097,3097.0,1.145,1145.0,8
76,717,2004,4,17,17,17,18,nick-heidfeld,jordan,ford,bridgestone,1:23.551,83551.0,3.426,3426.0,0.329,329.0,13
77,717,2004,4,18,18,18,19,giorgio-pantano,jordan,ford,bridgestone,1:24.736,84736.0,4.611,4611.0,1.185,1185.0,7
78,717,2004,4,19,19,19,20,gianmaria-bruni,minardi,cosworth,bridgestone,1:26.199,86199.0,6.074,6074.0,1.463,1463.0,10
79,717,2004,4,20,20,20,21,zsolt-baumgartner,minardi,cosworth,bridgestone,1:27.451,87451.0,7.326,7326.0,1.252,1252.0,13
80,718,2004,5,1,1,1,10,takuma-sato,bar,honda,michelin,1:14.836,74836.0,,,,,13
81,718,2004,5,2,2,2,1,michael-schumacher,ferrari,ferrari,bridgestone,1:15.025,75025.0,0.189,189.0,0.189,189.0,11
82,718,2004,5,3,3,3,3,juan-pablo-montoya,williams,bmw,michelin,1:15.232,75232.0,0.396,396.0,0.207,207.0,13
83,718,2004,5,4,4,4,7,jarno-trulli,renault,renault,michelin,1:15.457,75457.0,0.621,621.0,0.225,225.0,15
84,718,2004,5,5,5,5,2,rubens-barrichello,ferrari,ferrari,bridgestone,1:15.540,75540.0,0.704,704.0,0.083,83.0,12
85,718,2004,5,6,6,6,9,jenson-button,bar,honda,michelin,1:15.627,75627.0,0.791,791.0,0.087,87.0,11
86,718,2004,5,7,7,7,5,david-coulthard,mclaren,mercedes,michelin,1:15.768,75768.0,0.932,932.0,0.141,141.0,13
87,718,2004,5,8,8,8,8,fernando-alonso,renault,renault,michelin,1:15.874,75874.0,1.038,1038.0,0.106,106.0,12
88,718,2004,5,9,9,9,14,mark-webber,jaguar,cosworth,michelin,1:15.895,75895.0,1.059,1059.0,0.021,21.0,24
89,718,2004,5,10,10,10,16,cristiano-da-matta,toyota,toyota,michelin,1:15.895,75895.0,1.059,1059.0,0.0,0.0,18
90,718,2004,5,11,11,11,6,kimi-raikkonen,mclaren,mercedes,michelin,1:15.983,75983.0,1.147,1147.0,0.088,88.0,7
91,718,2004,5,12,12,12,4,ralf-schumacher,williams,bmw,michelin,1:16.308,76308.0,1.472,1472.0,0.325,325.0,17
92,718,2004,5,13,13,13,15,christian-klien,jaguar,cosworth,michelin,1:16.648,76648.0,1.812,1812.0,0.34,340.0,24
93,718,2004,5,14,14,14,18,nick-heidfeld,jordan,ford,bridgestone,1:16.746,76746.0,1.91,1910.0,0.098,98.0,12
94,718,2004,5,15,15,15,11,giancarlo-fisichella,sauber,petronas,bridgestone,1:17.145,77145.0,2.309,2309.0,0.399,399.0,12
95,718,2004,5,16,16,16,12,felipe-massa,sauber,petronas,bridgestone,1:17.282,77282.0,2.446,2446.0,0.137,137.0,6
96,718,2004,5,17,17,17,19,giorgio-pantano,jordan,ford,bridgestone,1:17.665,77665.0,2.829,2829.0,0.383,383.0,14
97,718,2004,5,18,18,18,17,olivier-panis,toyota,toyota,michelin,1:18.392,78392.0,3.556,3556.0,0.727,727.0,5
98,718,2004,5,19,19,19,21,zsolt-baumgartner,minardi,cosworth,bridgestone,1:20.449,80449.0,5.613,5613.0,2.057,2057.0,10
99,718,2004,5,20,20,20,20,gianmaria-bruni,minardi,cosworth,bridgestone,1:21.005,81005.0,6.169,6169.0,0.556,556.0,6
100,719,2004,6,1,1,1,1,michael-schumacher,ferrari,ferrari,bridgestone,1:14.014,74014.0,,,,,16
101,719,2004,6,2,2,2,7,jarno-trulli,renault,renault,michelin,1:14.016,74016.0,0.002,2.0,0.002,2.0,19
102,719,2004,6,3,3,3,10,takuma-sato,bar,honda,michelin,1:14.020,74020.0,0.006,6.0,0.004,4.0,22
103,719,2004,6,4,4,4,8,fernando-alonso,renault,renault,michelin,1:14.138,74138.0,0.124,124.0,0.118,118.0,16
104,719,2004,6,5,5,5,3,juan-pablo-montoya,williams,bmw,michelin,1:14.212,74212.0,0.198,198.0,0.074,74.0,12
105,719,2004,6,6,6,6,9,jenson-button,bar,honda,michelin,1:14.646,74646.0,0.632,632.0,0.434,434.0,15
106,719,2004,6,7,7,7,5,david-coulthard,mclaren,mercedes,michelin,1:14.670,74670.0,0.656,656.0,0.024,24.0,13
107,719,2004,6,8,8,8,4,ralf-schumacher,williams,bmw,michelin,1:14.752,74752.0,0.738,738.0,0.082,82.0,15
108,719,2004,6,9,9,9,6,kimi-raikkonen,mclaren,mercedes,michelin,1:15.034,75034.0,1.02,1020.0,0.282,282.0,18
109,719,2004,6,10,10,10,2,rubens-barrichello,ferrari,ferrari,bridgestone,1:15.174,75174.0,1.16,1160.0,0.14,140.0,17
110,719,2004,6,11,11,11,11,giancarlo-fisichella,sauber,petronas,bridgestone,1:15.709,75709.0,1.695,1695.0,0.535,535.0,14
111,719,2004,6,12,12,12,16,cristiano-da-matta,toyota,toyota,michelin,1:15.861,75861.0,1.847,1847.0,0.152,152.0,25
112,719,2004,6,13,13,13,15,christian-klien,jaguar,cosworth,michelin,1:16.101,76101.0,2.087,2087.0,0.24,240.0,22
113,719,2004,6,14,14,14,12,felipe-massa,sauber,petronas,bridgestone,1:16.332,76332.0,2.318,2318.0,0.231,231.0,19
114,719,2004,6,15,15,15,18,nick-heidfeld,jordan,ford,bridgestone,1:16.385,76385.0,2.371,2371.0,0.053,53.0,15
115,719,2004,6,16,16,16,17,olivier-panis,toyota,toyota,michelin,1:16.431,76431.0,2.417,2417.0,0.046,46.0,15
116,719,2004,6,17,17,17,19,giorgio-pantano,jordan,ford,bridgestone,1:16.700,76700.0,2.686,2686.0,0.269,269.0,19
117,719,2004,6,18,18,18,14,mark-webber,jaguar,cosworth,michelin,1:17.173,77173.0,3.159,3159.0,0.473,473.0,4
118,719,2004,6,19,19,19,21,zsolt-baumgartner,minardi,cosworth,bridgestone,1:19.467,79467.0,5.453,5453.0,2.294,2294.0,12
119,720,2004,7,1,1,1,9,jenson-button,bar,honda,michelin,1:28.827,88827.0,,,,,13
120,720,2004,7,2,2,2,1,michael-schumacher,ferrari,ferrari,bridgestone,1:29.064,89064.0,0.237,237.0,0.237,237.0,15
121,720,2004,7,3,3,3,10,takuma-sato,bar,honda,michelin,1:29.127,89127.0,0.3,300.0,0.063,63.0,15
122,720,2004,7,4,4,4,6,kimi-raikkonen,mclaren,mercedes,michelin,1:29.354,89354.0,0.527,527.0,0.227,227.0,12
123,720,2004,7,5,5,5,2,rubens-barrichello,ferrari,ferrari,bridgestone,1:29.545,89545.0,0.718,718.0,0.191,191.0,13
124,720,2004,7,6,6,6,8,fernando-alonso,renault,renault,michelin,1:29.555,89555.0,0.728,728.0,0.01,10.0,13
125,720,2004,7,7,7,7,5,david-coulthard,mclaren,mercedes,michelin,1:29.955,89955.0,1.128,1128.0,0.4,400.0,14
126,720,2004,7,8,8,8,4,ralf-schumacher,williams,bmw,michelin,1:30.176,90176.0,1.349,1349.0,0.221,221.0,9
127,720,2004,7,9,9,9,17,olivier-panis,toyota,toyota,michelin,1:30.277,90277.0,1.45,1450.0,0.101,101.0,14
128,720,2004,7,10,10,10,16,cristiano-da-matta,toyota,toyota,michelin,1:30.316,90316.0,1.489,1489.0,0.039,39.0,16
129,720,2004,7,11,11,11,11,giancarlo-fisichella,sauber,petronas,bridgestone,1:30.519,90519.0,1.692,1692.0,0.203,203.0,13
130,720,2004,7,12,12,12,14,mark-webber,jaguar,cosworth,michelin,1:30.867,90867.0,2.04,2040.0,0.348,348.0,18
131,720,2004,7,13,13,13,7,jarno-trulli,renault,renault,michelin,1:30.986,90986.0,2.159,2159.0,0.119,119.0,11
132,720,2004,7,14,14,14,15,christian-klien,jaguar,cosworth,michelin,1:31.061,91061.0,2.234,2234.0,0.075,75.0,15
133,720,2004,7,15,15,15,12,felipe-massa,sauber,petronas,bridgestone,1:31.504,91504.0,2.677,2677.0,0.443,443.0,11
134,720,2004,7,16,16,16,18,nick-heidfeld,jordan,ford,bridgestone,1:31.956,91956.0,3.129,3129.0,0.452,452.0,12
135,720,2004,7,17,17,17,21,zsolt-baumgartner,minardi,cosworth,bridgestone,1:32.753,92753.0,3.926,3926.0,0.797,797.0,15
136,720,2004,7,18,18,18,20,gianmaria-bruni,minardi,cosworth,bridgestone,1:32.894,92894.0,4.067,4067.0,0.141,141.0,15
137,720,2004,7,19,19,19,19,giorgio-pantano,jordan,ford,bridgestone,1:33.383,93383.0,4.556,4556.0,0.489,489.0,13
138,720,2004,7,20,20,20,3,juan-pablo-montoya,williams,bmw,michelin,,,,,,,10
139,721,2004,8,1,1,1,7,jarno-trulli,renault,renault,michelin,1:12.629,72629.0,,,,,13
140,721,2004,8,2,2,2,8,fernando-alonso,renault,renault,michelin,1:12.901,72901.0,0.272,272.0,0.272,272.0,14
141,721,2004,8,3,3,3,9,jenson-button,bar,honda,michelin,1:13.026,73026.0,0.397,397.0,0.125,125.0,14
142,721,2004,8,4,4,4,10,takuma-sato,bar,honda,michelin,1:13.235,73235.0,0.606,606.0,0.209,209.0,11
143,721,2004,8,5,5,5,3,juan-pablo-montoya,williams,bmw,michelin,1:13.320,73320.0,0.691,691.0,0.085,85.0,14
144,721,2004,8,6,6,6,1,michael-schumacher,ferrari,ferrari,bridgestone,1:13.420,73420.0,0.791,791.0,0.1,100.0,14
145,721,2004,8,7,7,7,6,kimi-raikkonen,mclaren,mercedes,michelin,1:13.566,73566.0,0.937,937.0,0.146,146.0,14
146,721,2004,8,8,8,8,5,david-coulthard,mclaren,mercedes,michelin,1:13.686,73686.0,1.057,1057.0,0.12,120.0,13
147,721,2004,8,9,9,9,2,rubens-barrichello,ferrari,ferrari,bridgestone,1:13.904,73904.0,1.275,1275.0,0.218,218.0,10
148,721,2004,8,10,10,10,15,christian-klien,jaguar,cosworth,michelin,1:14.340,74340.0,1.711,1711.0,0.436,436.0,20
149,721,2004,8,11,11,11,16,cristiano-da-matta,toyota,toyota,michelin,1:14.521,74521.0,1.892,1892.0,0.181,181.0,24
150,721,2004,8,12,12,12,4,ralf-schumacher,williams,bmw,michelin,1:14.697,74697.0,2.068,2068.0,0.176,176.0,16
151,721,2004,8,13,13,13,14,mark-webber,jaguar,cosworth,michelin,1:14.835,74835.0,2.206,2206.0,0.138,138.0,29
152,721,2004,8,14,14,14,11,giancarlo-fisichella,sauber,petronas,bridgestone,1:14.902,74902.0,2.273,2273.0,0.067,67.0,10
153,721,2004,8,15,15,15,17,olivier-panis,toyota,toyota,michelin,1:14.916,74916.0,2.287,2287.0,0.014,14.0,16
154,721,2004,8,16,16,16,12,felipe-massa,sauber,petronas,bridgestone,1:15.332,75332.0,2.703,2703.0,0.416,416.0,12
155,721,2004,8,17,17,17,18,nick-heidfeld,jordan,ford,bridgestone,1:15.987,75987.0,3.358,3358.0,0.655,655.0,14
156,721,2004,8,18,18,18,19,timo-glock,jordan,ford,bridgestone,1:16.417,76417.0,3.788,3788.0,0.43,430.0,17
157,721,2004,8,19,19,19,21,zsolt-baumgartner,minardi,cosworth,bridgestone,1:16.579,76579.0,3.95,3950.0,0.162,162.0,17
158,721,2004,8,20,20,20,20,gianmaria-bruni,minardi,cosworth,bridgestone,1:16.825,76825.0,4.196,4196.0,0.246,246.0,17
159,722,2004,9,1,1,1,9,jenson-button,bar,honda,michelin,1:10.056,70056.0,,,,,17
160,722,2004,9,2,2,2,1,michael-schumacher,ferrari,ferrari,bridgestone,1:10.199,70199.0,0.143,143.0,0.143,143.0,16
161,722,2004,9,3,3,3,10,takuma-sato,bar,honda,michelin,1:10.251,70251.0,0.195,195.0,0.052,52.0,23
162,722,2004,9,4,4,4,2,rubens-barrichello,ferrari,ferrari,bridgestone,1:10.351,70351.0,0.295,295.0,0.1,100.0,16
164,722,2004,9,6,6,6,8,fernando-alonso,renault,renault,michelin,1:10.749,70749.0,0.693,693.0,0.041,41.0,13
165,722,2004,9,7,7,7,16,cristiano-da-matta,toyota,toyota,michelin,1:10.802,70802.0,0.746,746.0,0.053,53.0,19
166,722,2004,9,8,8,8,4,ralf-schumacher,williams,bmw,michelin,1:10.820,70820.0,0.764,764.0,0.018,18.0,9
167,722,2004,9,9,9,9,7,jarno-trulli,renault,renault,michelin,1:10.848,70848.0,0.792,792.0,0.028,28.0,13
168,722,2004,9,10,10,10,6,kimi-raikkonen,mclaren,mercedes,michelin,1:11.222,71222.0,1.166,1166.0,0.374,374.0,14
169,722,2004,9,11,11,11,17,olivier-panis,toyota,toyota,michelin,1:11.242,71242.0,1.186,1186.0,0.02,20.0,20
170,722,2004,9,12,12,12,5,david-coulthard,mclaren,mercedes,michelin,1:11.395,71395.0,1.339,1339.0,0.153,153.0,13
171,722,2004,9,13,13,13,15,christian-klien,jaguar,cosworth,michelin,1:11.992,71992.0,1.936,1936.0,0.597,597.0,20
172,722,2004,9,14,14,14,18,nick-heidfeld,jordan,ford,bridgestone,1:12.524,72524.0,2.468,2468.0,0.532,532.0,16
173,722,2004,9,15,15,15,14,mark-webber,jaguar,cosworth,michelin,1:12.590,72590.0,2.534,2534.0,0.066,66.0,14
174,722,2004,9,16,16,16,19,giorgio-pantano,jordan,ford,bridgestone,1:12.603,72603.0,2.547,2547.0,0.013,13.0,9
175,722,2004,9,17,17,17,11,giancarlo-fisichella,sauber,petronas,bridgestone,1:12.686,72686.0,2.63,2630.0,0.083,83.0,10
176,722,2004,9,18,18,18,12,felipe-massa,sauber,petronas,bridgestone,1:12.861,72861.0,2.805,2805.0,0.175,175.0,9
177,722,2004,9,19,19,19,21,zsolt-baumgartner,minardi,cosworth,bridgestone,1:13.869,73869.0,3.813,3813.0,1.008,1008.0,13
178,722,2004,9,20,20,20,20,gianmaria-bruni,minardi,cosworth,bridgestone,1:13.915,73915.0,3.859,3859.0,0.046,46.0,14
179,723,2004,10,1,1,1,6,kimi-raikkonen,mclaren,mercedes,michelin,1:14.513,74513.0,,,,,18
180,723,2004,10,2,2,2,9,jenson-button,bar,honda,michelin,1:14.568,74568.0,0.055,55.0,0.055,55.0,14
181,723,2004,10,3,3,3,1,michael-schumacher,ferrari,ferrari,bridgestone,1:14.571,74571.0,0.058,58.0,0.003,3.0,14
182,723,2004,10,4,4,4,10,takuma-sato,bar,honda,michelin,1:14.711,74711.0,0.198,198.0,0.14,140.0,18
183,723,2004,10,5,5,5,2,rubens-barrichello,ferrari,ferrari,bridgestone,1:14.817,74817.0,0.304,304.0,0.106,106.0,12
184,723,2004,10,6,6,6,17,olivier-panis,toyota,toyota,michelin,1:14.833,74833.0,0.32,320.0,0.016,16.0,23
185,723,2004,10,7,7,7,16,cristiano-da-matta,toyota,toyota,michelin,1:14.885,74885.0,0.372,372.0,0.052,52.0,22
186,723,2004,10,8,8,8,5,david-coulthard,mclaren,mercedes,michelin,1:14.977,74977.0,0.464,464.0,0.092,92.0,7
187,723,2004,10,9,9,9,7,jarno-trulli,renault,renault,michelin,1:15.033,75033.0,0.52,520.0,0.056,56.0,12
188,723,2004,10,10,10,10,8,fernando-alonso,renault,renault,michelin,1:15.096,75096.0,0.583,583.0,0.063,63.0,15
189,723,2004,10,11,11,11,4,marc-gene,williams,bmw,michelin,1:15.179,75179.0,0.666,666.0,0.083,83.0,10
190,723,2004,10,12,12,12,14,mark-webber,jaguar,cosworth,michelin,1:15.350,75350.0,0.837,837.0,0.171,171.0,24
191,723,2004,10,13,13,13,15,christian-klien,jaguar,cosworth,michelin,1:15.449,75449.0,0.936,936.0,0.099,99.0,22
192,723,2004,10,14,14,14,12,felipe-massa,sauber,petronas,bridgestone,1:16.062,76062.0,1.549,1549.0,0.613,613.0,19
193,723,2004,10,15,15,15,11,giancarlo-fisichella,sauber,petronas,bridgestone,1:16.161,76161.0,1.648,1648.0,0.099,99.0,9
194,723,2004,10,16,16,16,21,zsolt-baumgartner,minardi,cosworth,bridgestone,1:16.861,76861.0,2.348,2348.0,0.7,700.0,15
195,723,2004,10,17,17,17,19,giorgio-pantano,jordan,ford,bridgestone,1:17.104,77104.0,2.591,2591.0,0.243,243.0,12
196,723,2004,10,18,18,18,18,nick-heidfeld,jordan,ford,bridgestone,1:17.162,77162.0,2.649,2649.0,0.058,58.0,15
197,723,2004,10,19,19,19,20,gianmaria-bruni,minardi,cosworth,bridgestone,1:19.401,79401.0,4.888,4888.0,2.239,2239.0,8
198,723,2004,10,20,20,20,3,juan-pablo-montoya,williams,bmw,michelin,1:21.458,81458.0,6.945,6945.0,2.057,2057.0,8
199,724,2004,11,1,1,1,6,kimi-raikkonen,mclaren,mercedes,michelin,1:18.280,78280.0,,,,,14
200,724,2004,11,2,2,2,9,jenson-button,bar,honda,michelin,1:18.414,78414.0,0.134,134.0,0.134,134.0,12
201,724,2004,11,3,3,3,2,rubens-barrichello,ferrari,ferrari,bridgestone,1:18.623,78623.0,0.343,343.0,0.209,209.0,13
202,724,2004,11,4,4,4,7,jarno-trulli,renault,renault,michelin,1:18.694,78694.0,0.414,414.0,0.071,71.0,14
203,724,2004,11,5,5,5,4,marc-gene,williams,bmw,michelin,1:18.832,78832.0,0.552,552.0,0.138,138.0,10
204,724,2004,11,6,6,6,3,juan-pablo-montoya,williams,bmw,michelin,1:18.912,78912.0,0.632,632.0,0.08,80.0,11
205,724,2004,11,7,7,7,5,david-coulthard,mclaren,mercedes,michelin,1:18.919,78919.0,0.639,639.0,0.007,7.0,11
206,724,2004,11,8,8,8,1,michael-schumacher,ferrari,ferrari,bridgestone,1:18.951,78951.0,0.671,671.0,0.032,32.0,8
207,724,2004,11,9,9,9,8,fernando-alonso,renault,renault,michelin,1:19.169,79169.0,0.889,889.0,0.218,218.0,12
208,724,2004,11,10,10,10,11,giancarlo-fisichella,sauber,petronas,bridgestone,1:19.895,79895.0,1.615,1615.0,0.726,726.0,10
209,724,2004,11,11,11,11,16,cristiano-da-matta,toyota,toyota,michelin,1:20.183,80183.0,1.903,1903.0,0.288,288.0,19
210,724,2004,11,12,12,12,12,felipe-massa,sauber,petronas,bridgestone,1:20.281,80281.0,2.001,2001.0,0.098,98.0,6
211,724,2004,11,13,13,13,14,mark-webber,jaguar,cosworth,michelin,1:20.310,80310.0,2.03,2030.0,0.029,29.0,23
212,724,2004,11,14,14,14,17,olivier-panis,toyota,toyota,michelin,1:20.531,80531.0,2.251,2251.0,0.221,221.0,16
213,724,2004,11,15,15,15,18,nick-heidfeld,jordan,ford,bridgestone,1:20.726,80726.0,2.446,2446.0,0.195,195.0,12
214,724,2004,11,16,16,16,10,takuma-sato,bar,honda,michelin,1:20.837,80837.0,2.557,2557.0,0.111,111.0,8
215,724,2004,11,17,17,17,15,christian-klien,jaguar,cosworth,michelin,1:20.913,80913.0,2.633,2633.0,0.076,76.0,18
216,724,2004,11,18,18,18,21,zsolt-baumgartner,minardi,cosworth,bridgestone,1:21.980,81980.0,3.7,3700.0,1.067,1067.0,15
217,724,2004,11,19,19,19,19,giorgio-pantano,jordan,ford,bridgestone,1:22.014,82014.0,3.734,3734.0,0.034,34.0,11
218,724,2004,11,20,20,20,20,gianmaria-bruni,minardi,cosworth,bridgestone,1:23.941,83941.0,5.661,5661.0,1.927,1927.0,12
219,725,2004,12,1,1,1,9,jenson-button,bar,honda,michelin,1:13.676,73676.0,,,,,15
220,725,2004,12,2,2,2,3,juan-pablo-montoya,williams,bmw,michelin,1:13.976,73976.0,0.3,300.0,0.3,300.0,11
221,725,2004,12,3,3,3,5,david-coulthard,mclaren,mercedes,michelin,1:14.064,74064.0,0.388,388.0,0.088,88.0,11
222,725,2004,12,4,4,4,6,kimi-raikkonen,mclaren,mercedes,michelin,1:14.100,74100.0,0.424,424.0,0.036,36.0,14
223,725,2004,12,5,5,5,8,fernando-alonso,renault,renault,michelin,1:14.320,74320.0,0.644,644.0,0.22,220.0,12
224,725,2004,12,6,6,6,2,rubens-barrichello,ferrari,ferrari,bridgestone,1:14.393,74393.0,0.717,717.0,0.073,73.0,12
225,725,2004,12,7,7,7,1,michael-schumacher,ferrari,ferrari,bridgestone,1:14.459,74459.0,0.783,783.0,0.066,66.0,14
226,725,2004,12,8,8,8,7,jarno-trulli,renault,renault,michelin,1:14.468,74468.0,0.792,792.0,0.009,9.0,15
227,725,2004,12,9,9,9,4,antonio-pizzonia,williams,bmw,michelin,1:14.766,74766.0,1.09,1090.0,0.298,298.0,10
228,725,2004,12,10,10,10,16,cristiano-da-matta,toyota,toyota,michelin,1:14.791,74791.0,1.115,1115.0,0.025,25.0,19
229,725,2004,12,11,11,11,17,olivier-panis,toyota,toyota,michelin,1:14.953,74953.0,1.277,1277.0,0.162,162.0,16
230,725,2004,12,12,12,12,14,mark-webber,jaguar,cosworth,michelin,1:15.000,75000.0,1.324,1324.0,0.047,47.0,25
231,725,2004,12,13,13,13,15,christian-klien,jaguar,cosworth,michelin,1:15.481,75481.0,1.805,1805.0,0.481,481.0,20
232,725,2004,12,14,14,14,11,giancarlo-fisichella,sauber,petronas,bridgestone,1:15.572,75572.0,1.896,1896.0,0.091,91.0,10
233,725,2004,12,15,15,15,12,felipe-massa,sauber,petronas,bridgestone,1:15.588,75588.0,1.912,1912.0,0.016,16.0,10
234,725,2004,12,16,16,16,18,nick-heidfeld,jordan,ford,bridgestone,1:16.832,76832.0,3.156,3156.0,1.244,1244.0,16
235,725,2004,12,17,17,17,20,gianmaria-bruni,minardi,cosworth,bridgestone,1:18.227,78227.0,4.551,4551.0,1.395,1395.0,13
236,725,2004,12,18,18,18,21,zsolt-baumgartner,minardi,cosworth,bridgestone,1:18.691,78691.0,5.015,5015.0,0.464,464.0,15
237,726,2004,13,1,1,1,9,jenson-button,bar,honda,michelin,1:19.556,79556.0,,,,,15
238,726,2004,13,2,2,2,1,michael-schumacher,ferrari,ferrari,bridgestone,1:19.747,79747.0,0.191,191.0,0.191,191.0,18
239,726,2004,13,3,3,3,2,rubens-barrichello,ferrari,ferrari,bridgestone,1:19.768,79768.0,0.212,212.0,0.021,21.0,10
240,726,2004,13,4,4,4,4,antonio-pizzonia,williams,bmw,michelin,1:19.913,79913.0,0.357,357.0,0.145,145.0,11
241,726,2004,13,5,5,5,7,jarno-trulli,renault,renault,michelin,1:20.130,80130.0,0.574,574.0,0.217,217.0,10
242,726,2004,13,6,6,6,10,takuma-sato,bar,honda,michelin,1:20.363,80363.0,0.807,807.0,0.233,233.0,20
243,726,2004,13,7,7,7,8,fernando-alonso,renault,renault,michelin,1:20.363,80363.0,0.807,807.0,0.0,0.0,12
244,726,2004,13,8,8,8,3,juan-pablo-montoya,williams,bmw,michelin,1:20.480,80480.0,0.924,924.0,0.117,117.0,15
245,726,2004,13,9,9,9,16,ricardo-zonta,toyota,toyota,michelin,1:20.606,80606.0,1.05,1050.0,0.126,126.0,18
246,726,2004,13,10,10,10,6,kimi-raikkonen,mclaren,mercedes,michelin,1:20.614,80614.0,1.058,1058.0,0.008,8.0,13
247,726,2004,13,11,11,11,17,olivier-panis,toyota,toyota,michelin,1:20.689,80689.0,1.133,1133.0,0.075,75.0,12
248,726,2004,13,12,12,12,5,david-coulthard,mclaren,mercedes,michelin,1:20.914,80914.0,1.358,1358.0,0.225,225.0,13
249,726,2004,13,13,13,13,14,mark-webber,jaguar,cosworth,michelin,1:21.112,81112.0,1.556,1556.0,0.198,198.0,24
250,726,2004,13,14,14,14,11,giancarlo-fisichella,sauber,petronas,bridgestone,1:21.165,81165.0,1.609,1609.0,0.053,53.0,12
251,726,2004,13,15,15,15,15,christian-klien,jaguar,cosworth,michelin,1:21.390,81390.0,1.834,1834.0,0.225,225.0,22
252,726,2004,13,16,16,16,18,nick-heidfeld,jordan,ford,bridgestone,1:21.712,81712.0,2.156,2156.0,0.322,322.0,14
253,726,2004,13,17,17,17,12,felipe-massa,sauber,petronas,bridgestone,1:21.989,81989.0,2.433,2433.0,0.277,277.0,4
254,726,2004,13,18,18,18,19,giorgio-pantano,jordan,ford,bridgestone,1:23.083,83083.0,3.527,3527.0,1.094,1094.0,12
255,726,2004,13,19,19,19,20,gianmaria-bruni,minardi,cosworth,bridgestone,1:23.979,83979.0,4.423,4423.0,0.896,896.0,14
256,726,2004,13,20,20,20,21,zsolt-baumgartner,minardi,cosworth,bridgestone,1:24.522,84522.0,4.966,4966.0,0.543,543.0,13
257,727,2004,14,1,1,1,2,rubens-barrichello,ferrari,ferrari,bridgestone,1:57.085,117085.0,,,,,6
258,727,2004,14,2,2,2,1,michael-schumacher,ferrari,ferrari,bridgestone,1:57.906,117906.0,0.821,821.0,0.821,821.0,6
259,727,2004,14,3,3,3,6,kimi-raikkonen,mclaren,mercedes,michelin,1:57.975,117975.0,0.89,890.0,0.069,69.0,6
260,727,2004,14,4,4,4,11,giancarlo-fisichella,sauber,petronas,bridgestone,1:58.138,118138.0,1.053,1053.0,0.163,163.0,4
261,727,2004,14,5,5,5,5,david-coulthard,mclaren,mercedes,michelin,1:58.434,118434.0,1.349,1349.0,0.296,296.0,6
262,727,2004,14,6,6,6,12,felipe-massa,sauber,petronas,bridgestone,1:58.864,118864.0,1.779,1779.0,0.43,430.0,5
263,727,2004,14,7,7,7,9,jenson-button,bar,honda,michelin,1:59.182,119182.0,2.097,2097.0,0.318,318.0,6
264,727,2004,14,8,8,8,7,jarno-trulli,renault,renault,michelin,1:59.519,119519.0,2.434,2434.0,0.337,337.0,6
265,727,2004,14,9,9,9,10,takuma-sato,bar,honda,michelin,2:00.088,120088.0,3.003,3003.0,0.569,569.0,6
266,727,2004,14,10,10,10,8,fernando-alonso,renault,renault,michelin,2:01.475,121475.0,4.39,4390.0,1.387,1387.0,5
267,727,2004,14,11,11,11,16,ricardo-zonta,toyota,toyota,michelin,2:02.175,122175.0,5.09,5090.0,0.7,700.0,6
268,727,2004,14,12,12,12,15,christian-klien,jaguar,cosworth,michelin,2:02.411,122411.0,5.326,5326.0,0.236,236.0,6
269,727,2004,14,13,13,13,14,mark-webber,jaguar,cosworth,michelin,2:02.501,122501.0,5.416,5416.0,0.09,90.0,6
270,727,2004,14,14,14,14,3,juan-pablo-montoya,williams,bmw,michelin,2:02.559,122559.0,5.474,5474.0,0.058,58.0,5
271,727,2004,14,15,15,15,17,olivier-panis,toyota,toyota,michelin,2:02.592,122592.0,5.507,5507.0,0.033,33.0,6
272,727,2004,14,16,16,16,18,nick-heidfeld,jordan,ford,bridgestone,2:03.556,123556.0,6.471,6471.0,0.964,964.0,5
273,727,2004,14,17,17,17,19,giorgio-pantano,jordan,ford,bridgestone,2:04.131,124131.0,7.046,7046.0,0.575,575.0,6
274,727,2004,14,18,18,18,20,gianmaria-bruni,minardi,cosworth,bridgestone,2:05.485,125485.0,8.4,8400.0,1.354,1354.0,4
275,727,2004,14,19,19,19,4,antonio-pizzonia,williams,bmw,michelin,2:07.337,127337.0,10.252,10252.0,1.852,1852.0,4
276,727,2004,14,20,20,20,21,zsolt-baumgartner,minardi,cosworth,bridgestone,2:09.428,129428.0,12.343,12343.0,2.091,2091.0,4
277,728,2004,15,1,1,1,2,rubens-barrichello,ferrari,ferrari,bridgestone,1:20.555,80555.0,,,,,11
278,728,2004,15,2,2,2,3,juan-pablo-montoya,williams,bmw,michelin,1:20.653,80653.0,0.098,98.0,0.098,98.0,11
279,728,2004,15,3,3,3,9,jenson-button,bar,honda,michelin,1:20.734,80734.0,0.179,179.0,0.081,81.0,13
280,728,2004,15,4,4,4,8,fernando-alonso,renault,renault,michelin,1:20.773,80773.0,0.218,218.0,0.039,39.0,11
281,728,2004,15,5,5,5,10,takuma-sato,bar,honda,michelin,1:20.805,80805.0,0.25,250.0,0.032,32.0,11
282,728,2004,15,6,6,6,6,kimi-raikkonen,mclaren,mercedes,michelin,1:20.856,80856.0,0.301,301.0,0.051,51.0,11
283,728,2004,15,7,7,7,1,michael-schumacher,ferrari,ferrari,bridgestone,1:20.898,80898.0,0.343,343.0,0.042,42.0,10
284,728,2004,15,8,8,8,4,antonio-pizzonia,williams,bmw,michelin,1:20.921,80921.0,0.366,366.0,0.023,23.0,10
285,728,2004,15,9,9,9,5,david-coulthard,mclaren,mercedes,michelin,1:21.058,81058.0,0.503,503.0,0.137,137.0,11
286,728,2004,15,10,10,10,7,jarno-trulli,renault,renault,michelin,1:21.506,81506.0,0.951,951.0,0.448,448.0,8
287,728,2004,15,11,11,11,12,felipe-massa,sauber,petronas,bridgestone,1:21.859,81859.0,1.304,1304.0,0.353,353.0,14
288,728,2004,15,12,12,12,17,olivier-panis,toyota,toyota,michelin,1:21.889,81889.0,1.334,1334.0,0.03,30.0,18
289,728,2004,15,13,13,13,11,giancarlo-fisichella,sauber,petronas,bridgestone,1:21.929,81929.0,1.374,1374.0,0.04,40.0,9
290,728,2004,15,14,14,14,16,ricardo-zonta,toyota,toyota,michelin,1:22.114,82114.0,1.559,1559.0,0.185,185.0,20
291,728,2004,15,15,15,15,15,christian-klien,jaguar,cosworth,michelin,1:22.230,82230.0,1.675,1675.0,0.116,116.0,18
292,728,2004,15,16,16,16,14,mark-webber,jaguar,cosworth,michelin,1:22.490,82490.0,1.935,1935.0,0.26,260.0,15
293,728,2004,15,17,17,17,18,nick-heidfeld,jordan,ford,bridgestone,1:23.146,83146.0,2.591,2591.0,0.656,656.0,13
294,728,2004,15,18,18,18,20,gianmaria-bruni,minardi,cosworth,bridgestone,1:23.794,83794.0,3.239,3239.0,0.648,648.0,14
295,728,2004,15,19,19,19,19,giorgio-pantano,jordan,ford,bridgestone,,,,,,,2
296,728,2004,15,20,20,20,21,zsolt-baumgartner,minardi,cosworth,bridgestone,,,,,,,2
297,729,2004,16,1,1,1,1,michael-schumacher,ferrari,ferrari,bridgestone,1:33.448,93448.0,,,,,13
298,729,2004,16,2,2,2,2,rubens-barrichello,ferrari,ferrari,bridgestone,1:33.796,93796.0,0.348,348.0,0.348,348.0,12
299,729,2004,16,3,3,3,6,kimi-raikkonen,mclaren,mercedes,michelin,1:34.042,94042.0,0.594,594.0,0.246,246.0,11
300,729,2004,16,4,4,4,9,jenson-button,bar,honda,michelin,1:34.233,94233.0,0.785,785.0,0.191,191.0,15
301,729,2004,16,5,5,5,11,giancarlo-fisichella,sauber,petronas,bridgestone,1:34.286,94286.0,0.838,838.0,0.053,53.0,10
302,729,2004,16,6,6,6,18,nick-heidfeld,jordan,ford,bridgestone,1:34.404,94404.0,0.956,956.0,0.118,118.0,12
303,729,2004,16,7,7,7,3,juan-pablo-montoya,williams,bmw,michelin,1:34.458,94458.0,1.01,1010.0,0.054,54.0,12
304,729,2004,16,8,8,8,5,david-coulthard,mclaren,mercedes,michelin,1:34.470,94470.0,1.022,1022.0,0.012,12.0,10
305,729,2004,16,9,9,9,16,ricardo-zonta,toyota,toyota,michelin,1:34.518,94518.0,1.07,1070.0,0.048,48.0,19
306,729,2004,16,10,10,10,12,felipe-massa,sauber,petronas,bridgestone,1:34.607,94607.0,1.159,1159.0,0.089,89.0,12
307,729,2004,16,11,11,11,8,fernando-alonso,renault,renault,michelin,1:34.627,94627.0,1.179,1179.0,0.02,20.0,12
308,729,2004,16,12,12,12,4,ralf-schumacher,williams,bmw,michelin,1:34.769,94769.0,1.321,1321.0,0.142,142.0,9
309,729,2004,16,13,13,13,10,takuma-sato,bar,honda,michelin,1:35.155,95155.0,1.707,1707.0,0.386,386.0,16
310,729,2004,16,14,14,14,17,olivier-panis,toyota,toyota,michelin,1:35.211,95211.0,1.763,1763.0,0.056,56.0,14
311,729,2004,16,15,15,15,7,jacques-villeneuve,renault,renault,michelin,1:35.309,95309.0,1.861,1861.0,0.098,98.0,12
312,729,2004,16,16,16,16,14,mark-webber,jaguar,cosworth,michelin,1:35.354,95354.0,1.906,1906.0,0.045,45.0,20
313,729,2004,16,17,17,17,15,christian-klien,jaguar,cosworth,michelin,1:35.869,95869.0,2.421,2421.0,0.515,515.0,17
314,729,2004,16,18,18,18,20,gianmaria-bruni,minardi,cosworth,bridgestone,1:36.748,96748.0,3.3,3300.0,0.879,879.0,10
315,729,2004,16,19,19,19,19,timo-glock,jordan,ford,bridgestone,1:37.158,97158.0,3.71,3710.0,0.41,410.0,14
316,729,2004,16,20,20,20,21,zsolt-baumgartner,minardi,cosworth,bridgestone,1:38.014,98014.0,4.566,4566.0,0.856,856.0,9
317,731,2004,18,1,1,1,2,rubens-barrichello,ferrari,ferrari,bridgestone,1:10.229,70229.0,,,,,15
318,731,2004,18,2,2,2,1,michael-schumacher,ferrari,ferrari,bridgestone,1:10.352,70352.0,0.123,123.0,0.123,123.0,15
319,731,2004,18,3,3,3,6,kimi-raikkonen,mclaren,mercedes,michelin,1:10.385,70385.0,0.156,156.0,0.033,33.0,15
320,731,2004,18,4,4,4,5,david-coulthard,mclaren,mercedes,michelin,1:10.413,70413.0,0.184,184.0,0.028,28.0,11
321,731,2004,18,5,5,5,9,jenson-button,bar,honda,michelin,1:10.480,70480.0,0.251,251.0,0.067,67.0,16
322,731,2004,18,6,6,6,8,fernando-alonso,renault,renault,michelin,1:10.683,70683.0,0.454,454.0,0.203,203.0,11
323,731,2004,18,7,7,7,4,ralf-schumacher,williams,bmw,michelin,1:10.997,70997.0,0.768,768.0,0.314,314.0,9
324,731,2004,18,8,8,8,10,takuma-sato,bar,honda,michelin,1:11.127,71127.0,0.898,898.0,0.13,130.0,18
325,731,2004,18,9,9,9,14,mark-webber,jaguar,cosworth,michelin,1:11.130,71130.0,0.901,901.0,0.003,3.0,23
326,731,2004,18,10,10,10,12,felipe-massa,sauber,petronas,bridgestone,1:11.142,71142.0,0.913,913.0,0.012,12.0,10
327,731,2004,18,11,11,11,3,juan-pablo-montoya,williams,bmw,michelin,1:11.157,71157.0,0.928,928.0,0.015,15.0,12
328,731,2004,18,12,12,12,7,jacques-villeneuve,renault,renault,michelin,1:11.321,71321.0,1.092,1092.0,0.164,164.0,18
329,731,2004,18,13,13,13,11,giancarlo-fisichella,sauber,petronas,bridgestone,1:11.425,71425.0,1.196,1196.0,0.104,104.0,5
330,731,2004,18,14,14,14,17,ricardo-zonta,toyota,toyota,michelin,1:11.688,71688.0,1.459,1459.0,0.263,263.0,16
331,731,2004,18,15,15,15,16,jarno-trulli,toyota,toyota,michelin,1:11.711,71711.0,1.482,1482.0,0.023,23.0,15
332,731,2004,18,16,16,16,15,christian-klien,jaguar,cosworth,michelin,1:12.248,72248.0,2.019,2019.0,0.537,537.0,21
333,731,2004,18,17,17,17,18,nick-heidfeld,jordan,ford,bridgestone,1:12.299,72299.0,2.07,2070.0,0.051,51.0,12
334,731,2004,18,18,18,18,21,zsolt-baumgartner,minardi,cosworth,bridgestone,1:12.990,72990.0,2.761,2761.0,0.691,691.0,17
335,731,2004,18,19,19,19,19,timo-glock,jordan,ford,bridgestone,1:13.818,73818.0,3.589,3589.0,0.828,828.0,17
336,731,2004,18,20,20,20,20,gianmaria-bruni,minardi,cosworth,bridgestone,1:14.411,74411.0,4.182,4182.0,0.593,593.0,16
337,732,2005,1,1,1,1,9,kimi-raikkonen,mclaren,mercedes,michelin,1:27.297,87297.0,,,,,11
338,732,2005,1,2,2,2,5,fernando-alonso,renault,renault,michelin,1:27.409,87409.0,0.112,112.0,0.112,112.0,14
339,732,2005,1,3,3,3,10,juan-pablo-montoya,mclaren,mercedes,michelin,1:28.256,88256.0,0.959,959.0,0.847,847.0,11
340,732,2005,1,4,4,4,6,giancarlo-fisichella,renault,renault,michelin,1:28.571,88571.0,1.274,1274.0,0.315,315.0,13
341,732,2005,1,5,5,5,3,jenson-button,bar,honda,michelin,1:29.577,89577.0,2.28,2280.0,1.006,1006.0,11
342,732,2005,1,6,6,6,7,mark-webber,williams,bmw,michelin,1:30.299,90299.0,3.002,3002.0,0.722,722.0,10
343,732,2005,1,7,7,7,1,michael-schumacher,ferrari,ferrari,bridgestone,1:30.533,90533.0,3.236,3236.0,0.234,234.0,7
344,732,2005,1,8,8,8,4,takuma-sato,bar,honda,michelin,1:30.554,90554.0,3.257,3257.0,0.021,21.0,14
345,732,2005,1,9,9,9,14,david-coulthard,red-bull,cosworth,michelin,1:30.645,90645.0,3.348,3348.0,0.091,91.0,14
346,732,2005,1,10,10,10,2,rubens-barrichello,ferrari,ferrari,bridgestone,1:30.715,90715.0,3.418,3418.0,0.07,70.0,7
347,732,2005,1,11,11,11,8,nick-heidfeld,williams,bmw,michelin,1:31.375,91375.0,4.078,4078.0,0.66,660.0,7
348,732,2005,1,12,12,12,15,christian-klien,red-bull,cosworth,michelin,1:31.671,91671.0,4.374,4374.0,0.296,296.0,14
349,732,2005,1,13,13,13,16,jarno-trulli,toyota,toyota,michelin,1:31.701,91701.0,4.404,4404.0,0.03,30.0,18
350,732,2005,1,14,14,14,12,felipe-massa,sauber,petronas,michelin,1:31.736,91736.0,4.439,4439.0,0.035,35.0,14
351,732,2005,1,15,15,15,11,jacques-villeneuve,sauber,petronas,michelin,1:34.031,94031.0,6.734,6734.0,2.295,2295.0,14
352,732,2005,1,16,16,16,17,ralf-schumacher,toyota,toyota,michelin,1:34.924,94924.0,7.627,7627.0,0.893,893.0,10
353,732,2005,1,17,17,17,21,christijan-albers,minardi,cosworth,bridgestone,1:35.975,95975.0,8.678,8678.0,1.051,1051.0,113
354,732,2005,1,18,18,18,20,patrick-friesacher,minardi,cosworth,bridgestone,1:40.045,100045.0,12.748,12748.0,4.07,4070.0,7
355,732,2005,1,19,19,19,18,tiago-monteiro,jordan,toyota,bridgestone,1:40.802,100802.0,13.505,13505.0,0.757,757.0,9
356,732,2005,1,20,20,20,19,narain-karthikeyan,jordan,toyota,bridgestone,1:40.822,100822.0,13.525,13525.0,0.02,20.0,6
357,733,2005,2,1,1,1,16,jarno-trulli,toyota,toyota,michelin,1:32.832,92832.0,,,,,12
358,733,2005,2,2,2,2,15,christian-klien,red-bull,cosworth,michelin,1:32.870,92870.0,0.038,38.0,0.038,38.0,9
359,733,2005,2,3,3,3,5,fernando-alonso,renault,renault,michelin,1:32.880,92880.0,0.048,48.0,0.01,10.0,11
360,733,2005,2,4,4,4,17,ralf-schumacher,toyota,toyota,michelin,1:32.951,92951.0,0.119,119.0,0.071,71.0,11
361,733,2005,2,5,5,5,14,david-coulthard,red-bull,cosworth,michelin,1:33.092,93092.0,0.26,260.0,0.141,141.0,10
362,733,2005,2,6,6,6,6,giancarlo-fisichella,renault,renault,michelin,1:33.194,93194.0,0.362,362.0,0.102,102.0,8
363,733,2005,2,7,7,7,9,kimi-raikkonen,mclaren,mercedes,michelin,1:33.349,93349.0,0.517,517.0,0.155,155.0,12
364,733,2005,2,8,8,8,8,nick-heidfeld,williams,bmw,michelin,1:33.468,93468.0,0.636,636.0,0.119,119.0,5
365,733,2005,2,9,9,9,7,mark-webber,williams,bmw,michelin,1:33.517,93517.0,0.685,685.0,0.049,49.0,10
366,733,2005,2,10,10,10,4,anthony-davidson,bar,honda,michelin,1:33.580,93580.0,0.748,748.0,0.063,63.0,15
367,733,2005,2,11,11,11,10,juan-pablo-montoya,mclaren,mercedes,michelin,1:33.689,93689.0,0.857,857.0,0.109,109.0,10
368,733,2005,2,12,12,12,2,rubens-barrichello,ferrari,ferrari,bridgestone,1:33.943,93943.0,1.111,1111.0,0.254,254.0,11
369,733,2005,2,13,13,13,12,felipe-massa,sauber,petronas,michelin,1:34.002,94002.0,1.17,1170.0,0.059,59.0,10
370,733,2005,2,14,14,14,1,michael-schumacher,ferrari,ferrari,bridgestone,1:34.102,94102.0,1.27,1270.0,0.1,100.0,10
371,733,2005,2,15,15,15,11,jacques-villeneuve,sauber,petronas,michelin,1:35.532,95532.0,2.7,2700.0,1.43,1430.0,9
372,733,2005,2,16,16,16,18,tiago-monteiro,jordan,toyota,bridgestone,1:37.824,97824.0,4.992,4992.0,2.292,2292.0,10
373,733,2005,2,17,17,17,19,narain-karthikeyan,jordan,toyota,bridgestone,1:38.126,98126.0,5.294,5294.0,0.302,302.0,8
374,733,2005,2,18,18,18,21,christijan-albers,minardi,cosworth,bridgestone,1:38.673,98673.0,5.841,5841.0,0.547,547.0,12
375,733,2005,2,19,19,19,20,patrick-friesacher,minardi,cosworth,bridgestone,1:38.974,98974.0,6.142,6142.0,0.301,301.0,12
376,734,2005,3,1,1,1,7,mark-webber,williams,bmw,michelin,1:29.527,89527.0,,,,,10
377,734,2005,3,2,2,2,17,ralf-schumacher,toyota,toyota,michelin,1:29.711,89711.0,0.184,184.0,0.184,184.0,12
378,734,2005,3,3,3,3,6,giancarlo-fisichella,renault,renault,michelin,1:29.738,89738.0,0.211,211.0,0.027,27.0,15
379,734,2005,3,4,4,4,16,jarno-trulli,toyota,toyota,michelin,1:29.798,89798.0,0.271,271.0,0.06,60.0,12
380,734,2005,3,5,5,5,9,kimi-raikkonen,mclaren,mercedes,michelin,1:29.810,89810.0,0.283,283.0,0.012,12.0,10
381,734,2005,3,6,6,6,5,fernando-alonso,renault,renault,michelin,1:29.825,89825.0,0.298,298.0,0.015,15.0,12
382,734,2005,3,7,7,7,10,pedro-de-la-rosa,mclaren,mercedes,michelin,1:29.864,89864.0,0.337,337.0,0.039,39.0,10
384,734,2005,3,9,9,9,1,michael-schumacher,ferrari,ferrari,bridgestone,1:30.080,90080.0,0.553,553.0,0.184,184.0,8
385,734,2005,3,10,10,10,8,nick-heidfeld,williams,bmw,michelin,1:30.290,90290.0,0.763,763.0,0.21,210.0,6
386,734,2005,3,11,11,11,3,jenson-button,bar,honda,michelin,1:30.324,90324.0,0.797,797.0,0.034,34.0,12
387,734,2005,3,12,12,12,14,david-coulthard,red-bull,cosworth,michelin,1:30.558,90558.0,1.031,1031.0,0.234,234.0,11
388,734,2005,3,13,13,13,4,takuma-sato,bar,honda,michelin,1:30.902,90902.0,1.375,1375.0,0.344,344.0,15
389,734,2005,3,14,14,14,12,felipe-massa,sauber,petronas,michelin,1:31.001,91001.0,1.474,1474.0,0.099,99.0,11
390,734,2005,3,15,15,15,11,jacques-villeneuve,sauber,petronas,michelin,1:31.126,91126.0,1.599,1599.0,0.125,125.0,12
391,734,2005,3,16,16,16,19,narain-karthikeyan,jordan,toyota,bridgestone,1:32.498,92498.0,2.971,2971.0,1.372,1372.0,10
392,734,2005,3,17,17,17,18,tiago-monteiro,jordan,toyota,bridgestone,1:32.686,92686.0,3.159,3159.0,0.188,188.0,12
393,734,2005,3,18,18,18,21,christijan-albers,minardi,cosworth,bridgestone,1:33.715,93715.0,4.188,4188.0,1.029,1029.0,12
394,734,2005,3,19,19,19,20,patrick-friesacher,minardi,cosworth,bridgestone,1:34.409,94409.0,4.882,4882.0,0.694,694.0,12
395,735,2005,4,1,1,1,3,jenson-button,bar,honda,michelin,1:20.058,80058.0,,,,,16
396,735,2005,4,2,2,2,5,fernando-alonso,renault,renault,michelin,1:20.114,80114.0,0.056,56.0,0.056,56.0,8
397,735,2005,4,3,3,3,9,kimi-raikkonen,mclaren,mercedes,michelin,1:20.209,80209.0,0.151,151.0,0.095,95.0,10
398,735,2005,4,4,4,4,1,michael-schumacher,ferrari,ferrari,bridgestone,1:20.318,80318.0,0.26,260.0,0.109,109.0,13
399,735,2005,4,5,5,5,6,giancarlo-fisichella,renault,renault,michelin,1:20.351,80351.0,0.293,293.0,0.033,33.0,18
400,735,2005,4,6,6,6,10,alexander-wurz,mclaren,mercedes,michelin,1:20.358,80358.0,0.3,300.0,0.007,7.0,11
401,735,2005,4,7,7,7,7,mark-webber,williams,bmw,michelin,1:20.424,80424.0,0.366,366.0,0.066,66.0,6
402,735,2005,4,8,8,8,8,nick-heidfeld,williams,bmw,michelin,1:20.431,80431.0,0.373,373.0,0.007,7.0,6
403,735,2005,4,9,9,9,4,takuma-sato,bar,honda,michelin,1:20.450,80450.0,0.392,392.0,0.019,19.0,17
404,735,2005,4,10,10,10,12,felipe-massa,sauber,petronas,michelin,1:20.506,80506.0,0.448,448.0,0.056,56.0,11
405,735,2005,4,11,11,11,17,ralf-schumacher,toyota,toyota,michelin,1:20.802,80802.0,0.744,744.0,0.296,296.0,11
406,735,2005,4,12,12,12,2,rubens-barrichello,ferrari,ferrari,bridgestone,1:20.851,80851.0,0.793,793.0,0.049,49.0,12
407,735,2005,4,13,13,13,16,jarno-trulli,toyota,toyota,michelin,1:21.105,81105.0,1.047,1047.0,0.254,254.0,14
408,735,2005,4,14,14,14,14,david-coulthard,red-bull,cosworth,michelin,1:21.136,81136.0,1.078,1078.0,0.031,31.0,12
409,735,2005,4,15,15,15,11,jacques-villeneuve,sauber,petronas,michelin,1:21.543,81543.0,1.485,1485.0,0.407,407.0,11
410,735,2005,4,16,16,16,15,vitantonio-liuzzi,red-bull,cosworth,michelin,1:22.188,82188.0,2.13,2130.0,0.645,645.0,13
411,735,2005,4,17,17,17,19,narain-karthikeyan,jordan,toyota,bridgestone,1:22.964,82964.0,2.906,2906.0,0.776,776.0,8
412,735,2005,4,18,18,18,18,tiago-monteiro,jordan,toyota,bridgestone,1:24.910,84910.0,4.852,4852.0,1.946,1946.0,5
413,736,2005,5,1,1,1,17,ralf-schumacher,toyota,toyota,michelin,1:14.280,74280.0,,,,,13
414,736,2005,5,2,2,2,9,kimi-raikkonen,mclaren,mercedes,michelin,1:14.462,74462.0,0.182,182.0,0.182,182.0,11
415,736,2005,5,3,3,3,10,juan-pablo-montoya,mclaren,mercedes,michelin,1:14.672,74672.0,0.392,392.0,0.21,210.0,12
416,736,2005,5,4,4,4,7,mark-webber,williams,bmw,michelin,1:14.689,74689.0,0.409,409.0,0.017,17.0,11
417,736,2005,5,5,5,5,5,fernando-alonso,renault,renault,michelin,1:15.030,75030.0,0.75,750.0,0.341,341.0,9
418,736,2005,5,6,6,6,6,giancarlo-fisichella,renault,renault,michelin,1:15.048,75048.0,0.768,768.0,0.018,18.0,19
419,736,2005,5,7,7,7,16,jarno-trulli,toyota,toyota,michelin,1:15.087,75087.0,0.807,807.0,0.039,39.0,13
420,736,2005,5,8,8,8,8,nick-heidfeld,williams,bmw,michelin,1:15.253,75253.0,0.973,973.0,0.166,166.0,6
421,736,2005,5,9,9,9,14,david-coulthard,red-bull,cosworth,michelin,1:15.339,75339.0,1.059,1059.0,0.086,86.0,15
422,736,2005,5,10,10,10,2,rubens-barrichello,ferrari,ferrari,bridgestone,1:15.374,75374.0,1.094,1094.0,0.035,35.0,12
423,736,2005,5,11,11,11,1,michael-schumacher,ferrari,ferrari,bridgestone,1:15.378,75378.0,1.098,1098.0,0.004,4.0,12
424,736,2005,5,12,12,12,12,felipe-massa,sauber,petronas,michelin,1:15.511,75511.0,1.231,1231.0,0.133,133.0,16
425,736,2005,5,13,13,13,15,vitantonio-liuzzi,red-bull,cosworth,michelin,1:15.546,75546.0,1.266,1266.0,0.035,35.0,14
426,736,2005,5,14,14,14,11,jacques-villeneuve,sauber,petronas,michelin,1:16.291,76291.0,2.011,2011.0,0.745,745.0,11
427,736,2005,5,15,15,15,19,narain-karthikeyan,jordan,toyota,bridgestone,1:17.569,77569.0,3.289,3289.0,1.278,1278.0,14
428,736,2005,5,16,16,16,18,tiago-monteiro,jordan,toyota,bridgestone,1:17.848,77848.0,3.568,3568.0,0.279,279.0,12
429,736,2005,5,17,17,17,21,christijan-albers,minardi,cosworth,bridgestone,1:19.031,79031.0,4.751,4751.0,1.183,1183.0,14
430,736,2005,5,18,18,18,20,patrick-friesacher,minardi,cosworth,bridgestone,1:19.296,79296.0,5.016,5016.0,0.265,265.0,14
431,737,2005,6,1,1,1,6,giancarlo-fisichella,renault,renault,michelin,1:13.988,73988.0,,,,,18
432,737,2005,6,2,2,2,5,fernando-alonso,renault,renault,michelin,1:14.047,74047.0,0.059,59.0,0.059,59.0,14
433,737,2005,6,3,3,3,9,kimi-raikkonen,mclaren,mercedes,michelin,1:14.258,74258.0,0.27,270.0,0.211,211.0,10
434,737,2005,6,4,4,4,16,jarno-trulli,toyota,toyota,michelin,1:14.322,74322.0,0.334,334.0,0.064,64.0,11
435,737,2005,6,5,5,5,7,mark-webber,williams,bmw,michelin,1:14.418,74418.0,0.43,430.0,0.096,96.0,10
436,737,2005,6,6,6,6,17,ralf-schumacher,toyota,toyota,michelin,1:14.459,74459.0,0.471,471.0,0.041,41.0,10
437,737,2005,6,7,7,7,10,juan-pablo-montoya,mclaren,mercedes,michelin,1:14.543,74543.0,0.555,555.0,0.084,84.0,7
438,737,2005,6,8,8,8,14,david-coulthard,red-bull,cosworth,michelin,1:14.582,74582.0,0.594,594.0,0.039,39.0,16
439,737,2005,6,9,9,9,1,michael-schumacher,ferrari,ferrari,bridgestone,1:14.961,74961.0,0.973,973.0,0.379,379.0,14
440,737,2005,6,10,10,10,15,vitantonio-liuzzi,red-bull,cosworth,michelin,1:14.998,74998.0,1.01,1010.0,0.037,37.0,16
441,737,2005,6,11,11,11,8,nick-heidfeld,williams,bmw,michelin,1:15.196,75196.0,1.208,1208.0,0.198,198.0,10
442,737,2005,6,12,12,12,2,rubens-barrichello,ferrari,ferrari,bridgestone,1:15.637,75637.0,1.649,1649.0,0.441,441.0,8
443,737,2005,6,13,13,13,12,felipe-massa,sauber,petronas,michelin,1:16.123,76123.0,2.135,2135.0,0.486,486.0,17
444,737,2005,6,14,14,14,11,jacques-villeneuve,sauber,petronas,michelin,1:16.148,76148.0,2.16,2160.0,0.025,25.0,10
445,737,2005,6,15,15,15,20,patrick-friesacher,minardi,cosworth,bridgestone,1:18.506,78506.0,4.518,4518.0,2.358,2358.0,12
446,737,2005,6,16,16,16,18,tiago-monteiro,jordan,toyota,bridgestone,1:19.034,79034.0,5.046,5046.0,0.528,528.0,7
447,737,2005,6,17,17,17,19,narain-karthikeyan,jordan,toyota,bridgestone,1:19.606,79606.0,5.618,5618.0,0.572,572.0,10
448,737,2005,6,18,18,18,21,christijan-albers,minardi,cosworth,bridgestone,1:19.700,79700.0,5.712,5712.0,0.094,94.0,10
449,738,2005,7,1,1,1,9,kimi-raikkonen,mclaren,mercedes,michelin,1:29.680,89680.0,,,,,11
450,738,2005,7,2,2,2,10,juan-pablo-montoya,mclaren,mercedes,michelin,1:29.789,89789.0,0.109,109.0,0.109,109.0,13
451,738,2005,7,3,3,3,5,fernando-alonso,renault,renault,michelin,1:29.987,89987.0,0.307,307.0,0.198,198.0,15
452,738,2005,7,4,4,4,6,giancarlo-fisichella,renault,renault,michelin,1:30.071,90071.0,0.391,391.0,0.084,84.0,14
453,738,2005,7,5,5,5,16,jarno-trulli,toyota,toyota,michelin,1:30.552,90552.0,0.872,872.0,0.481,481.0,12
454,738,2005,7,6,6,6,8,nick-heidfeld,williams,bmw,michelin,1:30.559,90559.0,0.879,879.0,0.007,7.0,9
455,738,2005,7,7,7,7,4,takuma-sato,bar,honda,michelin,1:30.645,90645.0,0.965,965.0,0.086,86.0,12
456,738,2005,7,8,8,8,17,ralf-schumacher,toyota,toyota,michelin,1:30.692,90692.0,1.012,1012.0,0.047,47.0,14
457,738,2005,7,9,9,9,3,jenson-button,bar,honda,michelin,1:30.773,90773.0,1.093,1093.0,0.081,81.0,13
458,738,2005,7,10,10,10,1,michael-schumacher,ferrari,ferrari,bridgestone,1:31.026,91026.0,1.346,1346.0,0.253,253.0,14
459,738,2005,7,11,11,11,2,rubens-barrichello,ferrari,ferrari,bridgestone,1:31.449,91449.0,1.769,1769.0,0.423,423.0,10
460,738,2005,7,12,12,12,15,vitantonio-liuzzi,red-bull,cosworth,michelin,1:31.572,91572.0,1.892,1892.0,0.123,123.0,17
461,738,2005,7,13,13,13,7,mark-webber,williams,bmw,michelin,1:32.054,92054.0,2.374,2374.0,0.482,482.0,9
462,738,2005,7,14,14,14,12,felipe-massa,sauber,petronas,michelin,1:32.079,92079.0,2.399,2399.0,0.025,25.0,11
463,738,2005,7,15,15,15,14,david-coulthard,red-bull,cosworth,michelin,1:32.172,92172.0,2.492,2492.0,0.093,93.0,14
464,738,2005,7,16,16,16,11,jacques-villeneuve,sauber,petronas,michelin,1:33.140,93140.0,3.46,3460.0,0.968,968.0,14
465,738,2005,7,17,17,17,21,christijan-albers,minardi,cosworth,bridgestone,1:33.977,93977.0,4.297,4297.0,0.837,837.0,16
466,738,2005,7,18,18,18,18,tiago-monteiro,jordan,toyota,bridgestone,1:34.527,94527.0,4.847,4847.0,0.55,550.0,17
467,738,2005,7,19,19,19,19,narain-karthikeyan,jordan,toyota,bridgestone,1:34.640,94640.0,4.96,4960.0,0.113,113.0,12
468,738,2005,7,20,20,20,20,patrick-friesacher,minardi,cosworth,bridgestone,1:35.087,95087.0,5.407,5407.0,0.447,447.0,14
469,739,2005,8,1,1,1,9,kimi-raikkonen,mclaren,mercedes,michelin,1:14.232,74232.0,,,,,12
470,739,2005,8,2,2,2,5,fernando-alonso,renault,renault,michelin,1:14.670,74670.0,0.438,438.0,0.438,438.0,15
471,739,2005,8,3,3,3,10,juan-pablo-montoya,mclaren,mercedes,michelin,1:14.745,74745.0,0.513,513.0,0.075,75.0,13
472,739,2005,8,4,4,4,6,giancarlo-fisichella,renault,renault,michelin,1:14.746,74746.0,0.514,514.0,0.001,1.0,19
473,739,2005,8,5,5,5,4,takuma-sato,bar,honda,michelin,1:14.883,74883.0,0.651,651.0,0.137,137.0,16
474,739,2005,8,6,6,6,17,ralf-schumacher,toyota,toyota,michelin,1:15.280,75280.0,1.048,1048.0,0.397,397.0,12
475,739,2005,8,7,7,7,3,jenson-button,bar,honda,michelin,1:15.282,75282.0,1.05,1050.0,0.002,2.0,13
476,739,2005,8,8,8,8,1,michael-schumacher,ferrari,ferrari,bridgestone,1:15.316,75316.0,1.084,1084.0,0.034,34.0,13
477,739,2005,8,9,9,9,8,nick-heidfeld,williams,bmw,michelin,1:15.723,75723.0,1.491,1491.0,0.407,407.0,11
478,739,2005,8,10,10,10,7,mark-webber,williams,bmw,michelin,1:15.894,75894.0,1.662,1662.0,0.171,171.0,14
479,739,2005,8,11,11,11,2,rubens-barrichello,ferrari,ferrari,bridgestone,1:15.995,75995.0,1.763,1763.0,0.101,101.0,14
480,739,2005,8,12,12,12,12,felipe-massa,sauber,petronas,michelin,1:16.020,76020.0,1.788,1788.0,0.025,25.0,13
481,739,2005,8,13,13,13,16,jarno-trulli,toyota,toyota,michelin,1:16.063,76063.0,1.831,1831.0,0.043,43.0,8
482,739,2005,8,14,14,14,14,david-coulthard,red-bull,cosworth,michelin,1:16.341,76341.0,2.109,2109.0,0.278,278.0,15
483,739,2005,8,15,15,15,11,jacques-villeneuve,sauber,petronas,michelin,1:16.355,76355.0,2.123,2123.0,0.014,14.0,13
484,739,2005,8,16,16,16,15,christian-klien,red-bull,cosworth,michelin,1:16.355,76355.0,2.123,2123.0,0.0,0.0,15
485,739,2005,8,17,17,17,19,narain-karthikeyan,jordan,toyota,bridgestone,1:17.215,77215.0,2.983,2983.0,0.86,860.0,12
486,739,2005,8,18,18,18,18,tiago-monteiro,jordan,toyota,bridgestone,1:17.618,77618.0,3.386,3386.0,0.403,403.0,19
487,739,2005,8,19,19,19,20,patrick-friesacher,minardi,cosworth,bridgestone,1:17.621,77621.0,3.389,3389.0,0.003,3.0,14
488,739,2005,8,20,20,20,21,christijan-albers,minardi,cosworth,bridgestone,1:17.725,77725.0,3.493,3493.0,0.104,104.0,14
492,740,2005,9,4,4,4,1,michael-schumacher,ferrari,ferrari,bridgestone,1:11.203,71203.0,0.56,560.0,0.283,283.0,12
498,740,2005,9,10,10,10,2,rubens-barrichello,ferrari,ferrari,bridgestone,1:11.794,71794.0,1.151,1151.0,0.034,34.0,13
505,740,2005,9,17,17,17,21,christijan-albers,minardi,cosworth,bridgestone,1:13.024,73024.0,2.381,2381.0,0.11,110.0,16
506,740,2005,9,18,18,18,18,tiago-monteiro,jordan,toyota,bridgestone,1:13.051,73051.0,2.408,2408.0,0.027,27.0,14
507,740,2005,9,19,19,19,19,narain-karthikeyan,jordan,toyota,bridgestone,1:13.161,73161.0,2.518,2518.0,0.11,110.0,11
508,740,2005,9,20,20,20,20,patrick-friesacher,minardi,cosworth,bridgestone,1:13.501,73501.0,2.858,2858.0,0.34,340.0,16
509,741,2005,10,1,1,1,6,giancarlo-fisichella,renault,renault,michelin,1:14.466,74466.0,,,,,16
510,741,2005,10,2,2,2,17,ralf-schumacher,toyota,toyota,michelin,1:14.603,74603.0,0.137,137.0,0.137,137.0,13
511,741,2005,10,3,3,3,9,kimi-raikkonen,mclaren,mercedes,michelin,1:14.649,74649.0,0.183,183.0,0.046,46.0,14
512,741,2005,10,4,4,4,5,fernando-alonso,renault,renault,michelin,1:14.792,74792.0,0.326,326.0,0.143,143.0,12
513,741,2005,10,5,5,5,1,michael-schumacher,ferrari,ferrari,bridgestone,1:14.979,74979.0,0.513,513.0,0.187,187.0,14
514,741,2005,10,6,6,6,4,takuma-sato,bar,honda,michelin,1:15.177,75177.0,0.711,711.0,0.198,198.0,18
515,741,2005,10,7,7,7,2,rubens-barrichello,ferrari,ferrari,bridgestone,1:15.218,75218.0,0.752,752.0,0.041,41.0,15
516,741,2005,10,8,8,8,10,juan-pablo-montoya,mclaren,mercedes,michelin,1:15.223,75223.0,0.757,757.0,0.005,5.0,15
517,741,2005,10,9,9,9,3,jenson-button,bar,honda,michelin,1:15.228,75228.0,0.762,762.0,0.005,5.0,18
518,741,2005,10,10,10,10,16,jarno-trulli,toyota,toyota,michelin,1:15.249,75249.0,0.783,783.0,0.021,21.0,15
519,741,2005,10,11,11,11,14,david-coulthard,red-bull,cosworth,michelin,1:15.305,75305.0,0.839,839.0,0.056,56.0,16
520,741,2005,10,12,12,12,7,mark-webber,williams,bmw,michelin,1:16.080,76080.0,1.614,1614.0,0.775,775.0,12
521,741,2005,10,13,13,13,15,christian-klien,red-bull,cosworth,michelin,1:16.095,76095.0,1.629,1629.0,0.015,15.0,17
522,741,2005,10,14,14,14,11,jacques-villeneuve,sauber,petronas,michelin,1:16.125,76125.0,1.659,1659.0,0.03,30.0,15
523,741,2005,10,15,15,15,8,nick-heidfeld,williams,bmw,michelin,1:16.372,76372.0,1.906,1906.0,0.247,247.0,12
524,741,2005,10,16,16,16,12,felipe-massa,sauber,petronas,michelin,1:16.454,76454.0,1.988,1988.0,0.082,82.0,17
525,741,2005,10,17,17,17,21,christijan-albers,minardi,cosworth,bridgestone,1:17.846,77846.0,3.38,3380.0,1.392,1392.0,14
526,741,2005,10,18,18,18,20,patrick-friesacher,minardi,cosworth,bridgestone,1:17.929,77929.0,3.463,3463.0,0.083,83.0,16
527,741,2005,10,19,19,19,19,narain-karthikeyan,jordan,toyota,bridgestone,1:18.195,78195.0,3.729,3729.0,0.266,266.0,14
528,741,2005,10,20,20,20,18,tiago-monteiro,jordan,toyota,bridgestone,1:18.310,78310.0,3.844,3844.0,0.115,115.0,14
529,742,2005,11,1,1,1,5,fernando-alonso,renault,renault,michelin,1:20.077,80077.0,,,,,14
530,742,2005,11,2,2,2,10,juan-pablo-montoya,mclaren,mercedes,michelin,1:20.128,80128.0,0.051,51.0,0.051,51.0,13
531,742,2005,11,3,3,3,16,jarno-trulli,toyota,toyota,michelin,1:20.449,80449.0,0.372,372.0,0.321,321.0,13
532,742,2005,11,4,4,4,17,ralf-schumacher,toyota,toyota,michelin,1:20.524,80524.0,0.447,447.0,0.075,75.0,12
533,742,2005,11,5,5,5,3,jenson-button,bar,honda,michelin,1:20.763,80763.0,0.686,686.0,0.239,239.0,14
534,742,2005,11,6,6,6,6,giancarlo-fisichella,renault,renault,michelin,1:20.798,80798.0,0.721,721.0,0.035,35.0,11
535,742,2005,11,7,7,7,1,michael-schumacher,ferrari,ferrari,bridgestone,1:20.893,80893.0,0.816,816.0,0.095,95.0,12
536,742,2005,11,8,8,8,7,mark-webber,williams,bmw,michelin,1:21.004,81004.0,0.927,927.0,0.111,111.0,11
537,742,2005,11,9,9,9,8,nick-heidfeld,williams,bmw,michelin,1:21.052,81052.0,0.975,975.0,0.048,48.0,8
538,742,2005,11,10,10,10,15,christian-klien,red-bull,cosworth,michelin,1:21.064,81064.0,0.987,987.0,0.012,12.0,9
539,742,2005,11,11,11,11,2,rubens-barrichello,ferrari,ferrari,bridgestone,1:21.371,81371.0,1.294,1294.0,0.307,307.0,10
540,742,2005,11,12,12,12,11,jacques-villeneuve,sauber,petronas,michelin,1:21.476,81476.0,1.399,1399.0,0.105,105.0,14
541,742,2005,11,13,13,13,12,felipe-massa,sauber,petronas,michelin,1:21.704,81704.0,1.627,1627.0,0.228,228.0,11
542,742,2005,11,14,14,14,4,takuma-sato,bar,honda,michelin,1:21.931,81931.0,1.854,1854.0,0.227,227.0,16
543,742,2005,11,15,15,15,18,tiago-monteiro,jordan,toyota,bridgestone,1:22.036,82036.0,1.959,1959.0,0.105,105.0,18
544,742,2005,11,16,16,16,19,narain-karthikeyan,jordan,toyota,bridgestone,1:22.634,82634.0,2.557,2557.0,0.598,598.0,8
545,742,2005,11,17,17,17,14,david-coulthard,red-bull,cosworth,michelin,1:23.165,83165.0,3.088,3088.0,0.531,531.0,5
546,742,2005,11,18,18,18,21,christijan-albers,minardi,cosworth,bridgestone,1:23.444,83444.0,3.367,3367.0,0.279,279.0,16
547,742,2005,11,19,19,19,20,patrick-friesacher,minardi,cosworth,bridgestone,1:23.586,83586.0,3.509,3509.0,0.142,142.0,17
548,742,2005,11,20,20,20,9,kimi-raikkonen,mclaren,mercedes,michelin,,,,,,,2
549,743,2005,12,1,1,1,9,kimi-raikkonen,mclaren,mercedes,michelin,1:14.128,74128.0,,,,,11
550,743,2005,12,2,2,2,10,juan-pablo-montoya,mclaren,mercedes,michelin,1:14.449,74449.0,0.321,321.0,0.321,321.0,16
551,743,2005,12,3,3,3,5,fernando-alonso,renault,renault,michelin,1:14.758,74758.0,0.63,630.0,0.309,309.0,12
552,743,2005,12,4,4,4,6,giancarlo-fisichella,renault,renault,michelin,1:14.958,74958.0,0.83,830.0,0.2,200.0,15
553,743,2005,12,5,5,5,3,jenson-button,bar,honda,michelin,1:15.072,75072.0,0.944,944.0,0.114,114.0,15
554,743,2005,12,6,6,6,7,mark-webber,williams,bmw,michelin,1:15.111,75111.0,0.983,983.0,0.039,39.0,10
555,743,2005,12,7,7,7,1,michael-schumacher,ferrari,ferrari,bridgestone,1:15.253,75253.0,1.125,1125.0,0.142,142.0,12
556,743,2005,12,8,8,8,8,nick-heidfeld,williams,bmw,michelin,1:15.255,75255.0,1.127,1127.0,0.002,2.0,10
557,743,2005,12,9,9,9,15,christian-klien,red-bull,cosworth,michelin,1:15.388,75388.0,1.26,1260.0,0.133,133.0,14
558,743,2005,12,10,10,10,16,jarno-trulli,toyota,toyota,michelin,1:15.417,75417.0,1.289,1289.0,0.029,29.0,14
559,743,2005,12,11,11,11,14,david-coulthard,red-bull,cosworth,michelin,1:15.491,75491.0,1.363,1363.0,0.074,74.0,13
560,743,2005,12,12,12,12,17,ralf-schumacher,toyota,toyota,michelin,1:15.585,75585.0,1.457,1457.0,0.094,94.0,18
561,743,2005,12,13,13,13,4,takuma-sato,bar,honda,michelin,1:15.699,75699.0,1.571,1571.0,0.114,114.0,18
562,743,2005,12,14,14,14,12,felipe-massa,sauber,petronas,michelin,1:15.781,75781.0,1.653,1653.0,0.082,82.0,12
563,743,2005,12,15,15,15,11,jacques-villeneuve,sauber,petronas,michelin,1:16.037,76037.0,1.909,1909.0,0.256,256.0,13
564,743,2005,12,16,16,16,2,rubens-barrichello,ferrari,ferrari,bridgestone,1:16.072,76072.0,1.944,1944.0,0.035,35.0,11
565,743,2005,12,17,17,17,21,christijan-albers,minardi,cosworth,bridgestone,1:16.674,76674.0,2.546,2546.0,0.602,602.0,14
566,743,2005,12,18,18,18,20,robert-doornbos,minardi,cosworth,bridgestone,1:16.912,76912.0,2.784,2784.0,0.238,238.0,14
567,743,2005,12,19,19,19,19,narain-karthikeyan,jordan,toyota,bridgestone,1:17.210,77210.0,3.082,3082.0,0.298,298.0,16
568,743,2005,12,20,20,20,18,tiago-monteiro,jordan,toyota,bridgestone,1:17.966,77966.0,3.838,3838.0,0.756,756.0,11
569,744,2005,13,1,1,1,9,kimi-raikkonen,mclaren,mercedes,michelin,1:20.203,80203.0,,,,,11
570,744,2005,13,2,2,2,10,juan-pablo-montoya,mclaren,mercedes,michelin,1:20.517,80517.0,0.314,314.0,0.314,314.0,14
571,744,2005,13,3,3,3,1,michael-schumacher,ferrari,ferrari,bridgestone,1:20.773,80773.0,0.57,570.0,0.256,256.0,17
572,744,2005,13,4,4,4,17,ralf-schumacher,toyota,toyota,michelin,1:20.903,80903.0,0.7,700.0,0.13,130.0,13
573,744,2005,13,5,5,5,2,rubens-barrichello,ferrari,ferrari,bridgestone,1:21.266,81266.0,1.063,1063.0,0.363,363.0,7
574,744,2005,13,6,6,6,6,giancarlo-fisichella,renault,renault,michelin,1:21.276,81276.0,1.073,1073.0,0.01,10.0,14
575,744,2005,13,7,7,7,3,jenson-button,bar,honda,michelin,1:21.301,81301.0,1.098,1098.0,0.025,25.0,15
576,744,2005,13,8,8,8,5,fernando-alonso,renault,renault,michelin,1:21.336,81336.0,1.133,1133.0,0.035,35.0,12
577,744,2005,13,9,9,9,4,takuma-sato,bar,honda,michelin,1:21.880,81880.0,1.677,1677.0,0.544,544.0,17
578,744,2005,13,10,10,10,7,mark-webber,williams,bmw,michelin,1:21.889,81889.0,1.686,1686.0,0.009,9.0,9
579,744,2005,13,11,11,11,8,nick-heidfeld,williams,bmw,michelin,1:21.918,81918.0,1.715,1715.0,0.029,29.0,9
580,744,2005,13,12,12,12,15,christian-klien,red-bull,cosworth,michelin,1:22.340,82340.0,2.137,2137.0,0.422,422.0,13
581,744,2005,13,13,13,13,14,david-coulthard,red-bull,cosworth,michelin,1:22.534,82534.0,2.331,2331.0,0.194,194.0,14
582,744,2005,13,14,14,14,16,jarno-trulli,toyota,toyota,michelin,1:22.699,82699.0,2.496,2496.0,0.165,165.0,6
583,744,2005,13,15,15,15,12,felipe-massa,sauber,petronas,michelin,1:22.753,82753.0,2.55,2550.0,0.054,54.0,11
584,744,2005,13,16,16,16,21,christijan-albers,minardi,cosworth,bridgestone,1:22.979,82979.0,2.776,2776.0,0.226,226.0,11
585,744,2005,13,17,17,17,11,jacques-villeneuve,sauber,petronas,michelin,1:22.985,82985.0,2.782,2782.0,0.006,6.0,14
586,744,2005,13,18,18,18,20,robert-doornbos,minardi,cosworth,bridgestone,1:23.358,83358.0,3.155,3155.0,0.373,373.0,8
587,744,2005,13,19,19,19,19,narain-karthikeyan,jordan,toyota,bridgestone,1:24.265,84265.0,4.062,4062.0,0.907,907.0,14
588,744,2005,13,20,20,20,18,tiago-monteiro,jordan,toyota,bridgestone,1:24.628,84628.0,4.425,4425.0,0.363,363.0,17
589,745,2005,14,1,1,1,9,kimi-raikkonen,mclaren,mercedes,michelin,1:26.120,86120.0,,,,,10
590,745,2005,14,2,2,2,3,jenson-button,bar,honda,michelin,1:26.599,86599.0,0.479,479.0,0.479,479.0,15
591,745,2005,14,3,3,3,5,fernando-alonso,renault,renault,michelin,1:26.627,86627.0,0.507,507.0,0.028,28.0,13
592,745,2005,14,4,4,4,10,juan-pablo-montoya,mclaren,mercedes,michelin,1:26.748,86748.0,0.628,628.0,0.121,121.0,11
593,745,2005,14,5,5,5,6,giancarlo-fisichella,renault,renault,michelin,1:27.240,87240.0,1.12,1120.0,0.492,492.0,15
594,745,2005,14,6,6,6,4,takuma-sato,bar,honda,michelin,1:27.308,87308.0,1.188,1188.0,0.068,68.0,14
595,745,2005,14,7,7,7,7,mark-webber,williams,bmw,michelin,1:27.335,87335.0,1.215,1215.0,0.027,27.0,7
596,745,2005,14,8,8,8,17,ralf-schumacher,toyota,toyota,michelin,1:27.556,87556.0,1.436,1436.0,0.221,221.0,13
597,745,2005,14,9,9,9,14,david-coulthard,red-bull,cosworth,michelin,1:27.796,87796.0,1.676,1676.0,0.24,240.0,14
598,745,2005,14,10,10,10,12,felipe-massa,sauber,petronas,michelin,1:27.829,87829.0,1.709,1709.0,0.033,33.0,8
599,745,2005,14,11,11,11,15,christian-klien,red-bull,cosworth,michelin,1:27.919,87919.0,1.799,1799.0,0.09,90.0,14
600,745,2005,14,12,12,12,16,jarno-trulli,toyota,toyota,michelin,1:27.921,87921.0,1.801,1801.0,0.002,2.0,15
601,745,2005,14,13,13,13,8,nick-heidfeld,williams,bmw,michelin,1:27.951,87951.0,1.831,1831.0,0.03,30.0,9
602,745,2005,14,14,14,14,1,michael-schumacher,ferrari,ferrari,bridgestone,1:28.155,88155.0,2.035,2035.0,0.204,204.0,16
603,745,2005,14,15,15,15,11,jacques-villeneuve,sauber,petronas,michelin,1:28.534,88534.0,2.414,2414.0,0.379,379.0,12
604,745,2005,14,16,16,16,2,rubens-barrichello,ferrari,ferrari,bridgestone,1:28.615,88615.0,2.495,2495.0,0.081,81.0,12
605,745,2005,14,17,17,17,18,tiago-monteiro,jordan,toyota,bridgestone,1:28.830,88830.0,2.71,2710.0,0.215,215.0,15
606,745,2005,14,18,18,18,20,robert-doornbos,minardi,cosworth,bridgestone,1:30.155,90155.0,4.035,4035.0,1.325,1325.0,14
607,745,2005,14,19,19,19,21,christijan-albers,minardi,cosworth,bridgestone,1:30.999,90999.0,4.879,4879.0,0.844,844.0,13
608,745,2005,14,20,20,20,19,narain-karthikeyan,jordan,toyota,bridgestone,,,,,,,3
609,746,2005,15,1,1,1,9,kimi-raikkonen,mclaren,mercedes,michelin,1:20.916,80916.0,,,,,8
610,746,2005,15,2,2,2,10,juan-pablo-montoya,mclaren,mercedes,michelin,1:21.318,81318.0,0.402,402.0,0.402,402.0,10
611,746,2005,15,3,3,3,4,takuma-sato,bar,honda,michelin,1:21.399,81399.0,0.483,483.0,0.081,81.0,13
612,746,2005,15,4,4,4,5,fernando-alonso,renault,renault,michelin,1:21.548,81548.0,0.632,632.0,0.149,149.0,13
613,746,2005,15,5,5,5,16,jarno-trulli,toyota,toyota,michelin,1:21.884,81884.0,0.968,968.0,0.336,336.0,14
614,746,2005,15,6,6,6,6,giancarlo-fisichella,renault,renault,michelin,1:21.951,81951.0,1.035,1035.0,0.067,67.0,12
615,746,2005,15,7,7,7,7,mark-webber,williams,bmw,michelin,1:22.066,82066.0,1.15,1150.0,0.115,115.0,7
616,746,2005,15,8,8,8,14,david-coulthard,red-bull,cosworth,michelin,1:22.291,82291.0,1.375,1375.0,0.225,225.0,16
617,746,2005,15,9,9,9,15,christian-klien,red-bull,cosworth,michelin,1:22.345,82345.0,1.429,1429.0,0.054,54.0,12
618,746,2005,15,10,10,10,1,michael-schumacher,ferrari,ferrari,bridgestone,1:22.395,82395.0,1.479,1479.0,0.05,50.0,14
619,746,2005,15,11,11,11,2,rubens-barrichello,ferrari,ferrari,bridgestone,1:22.437,82437.0,1.521,1521.0,0.042,42.0,13
620,746,2005,15,12,12,12,3,jenson-button,bar,honda,michelin,1:22.558,82558.0,1.642,1642.0,0.121,121.0,13
621,746,2005,15,13,13,13,11,jacques-villeneuve,sauber,petronas,michelin,1:22.701,82701.0,1.785,1785.0,0.143,143.0,12
622,746,2005,15,14,14,14,17,ralf-schumacher,toyota,toyota,michelin,1:22.710,82710.0,1.794,1794.0,0.009,9.0,11
623,746,2005,15,15,15,15,8,antonio-pizzonia,williams,bmw,michelin,1:22.823,82823.0,1.907,1907.0,0.113,113.0,10
624,746,2005,15,16,16,16,12,felipe-massa,sauber,petronas,michelin,1:23.389,83389.0,2.473,2473.0,0.566,566.0,12
625,746,2005,15,17,17,17,18,tiago-monteiro,jordan,toyota,bridgestone,1:23.472,83472.0,2.556,2556.0,0.083,83.0,15
626,746,2005,15,18,18,18,20,robert-doornbos,minardi,cosworth,bridgestone,1:23.676,83676.0,2.76,2760.0,0.204,204.0,14
627,746,2005,15,19,19,19,21,christijan-albers,minardi,cosworth,bridgestone,1:24.104,84104.0,3.188,3188.0,0.428,428.0,12
628,746,2005,15,20,20,20,19,narain-karthikeyan,jordan,toyota,bridgestone,1:24.772,84772.0,3.856,3856.0,0.668,668.0,11
629,747,2005,16,1,1,1,5,fernando-alonso,renault,renault,michelin,1:46.307,106307.0,,,,,14
630,747,2005,16,2,2,2,9,kimi-raikkonen,mclaren,mercedes,michelin,1:46.641,106641.0,0.334,334.0,0.334,334.0,11
631,747,2005,16,3,3,3,16,jarno-trulli,toyota,toyota,michelin,1:46.681,106681.0,0.374,374.0,0.04,40.0,15
632,747,2005,16,4,4,4,10,juan-pablo-montoya,mclaren,mercedes,michelin,1:46.858,106858.0,0.551,551.0,0.177,177.0,8
633,747,2005,16,5,5,5,6,giancarlo-fisichella,renault,renault,michelin,1:47.049,107049.0,0.742,742.0,0.191,191.0,16
634,747,2005,16,6,6,6,17,ralf-schumacher,toyota,toyota,michelin,1:47.054,107054.0,0.747,747.0,0.005,5.0,16
635,747,2005,16,7,7,7,3,jenson-button,bar,honda,michelin,1:47.419,107419.0,1.112,1112.0,0.365,365.0,14
636,747,2005,16,8,8,8,4,takuma-sato,bar,honda,michelin,1:47.507,107507.0,1.2,1200.0,0.088,88.0,15
637,747,2005,16,9,9,9,1,michael-schumacher,ferrari,ferrari,bridgestone,1:47.773,107773.0,1.466,1466.0,0.266,266.0,12
638,747,2005,16,10,10,10,2,rubens-barrichello,ferrari,ferrari,bridgestone,1:47.991,107991.0,1.684,1684.0,0.218,218.0,14
639,747,2005,16,11,11,11,8,antonio-pizzonia,williams,bmw,michelin,1:48.092,108092.0,1.785,1785.0,0.101,101.0,13
640,747,2005,16,12,12,12,11,jacques-villeneuve,sauber,petronas,michelin,1:48.204,108204.0,1.897,1897.0,0.112,112.0,15
641,747,2005,16,13,13,13,7,mark-webber,williams,bmw,michelin,1:48.213,108213.0,1.906,1906.0,0.009,9.0,11
642,747,2005,16,14,14,14,12,felipe-massa,sauber,petronas,michelin,1:48.551,108551.0,2.244,2244.0,0.338,338.0,16
643,747,2005,16,15,15,15,14,david-coulthard,red-bull,cosworth,michelin,1:48.866,108866.0,2.559,2559.0,0.315,315.0,12
644,747,2005,16,16,16,16,15,christian-klien,red-bull,cosworth,michelin,1:48.877,108877.0,2.57,2570.0,0.011,11.0,11
645,747,2005,16,17,17,17,21,christijan-albers,minardi,cosworth,bridgestone,1:49.166,109166.0,2.859,2859.0,0.289,289.0,12
646,747,2005,16,18,18,18,20,robert-doornbos,minardi,cosworth,bridgestone,1:49.208,109208.0,2.901,2901.0,0.042,42.0,15
647,747,2005,16,19,19,19,18,tiago-monteiro,jordan,toyota,bridgestone,1:50.740,110740.0,4.433,4433.0,1.532,1532.0,13
648,747,2005,16,20,20,20,19,narain-karthikeyan,jordan,toyota,bridgestone,1:51.594,111594.0,5.287,5287.0,0.854,854.0,14
649,748,2005,17,1,1,1,9,kimi-raikkonen,mclaren,mercedes,michelin,1:11.929,71929.0,,,,,11
650,748,2005,17,2,2,2,5,fernando-alonso,renault,renault,michelin,1:12.110,72110.0,0.181,181.0,0.181,181.0,13
651,748,2005,17,3,3,3,3,jenson-button,bar,honda,michelin,1:12.148,72148.0,0.219,219.0,0.038,38.0,14
652,748,2005,17,4,4,4,6,giancarlo-fisichella,renault,renault,michelin,1:12.158,72158.0,0.229,229.0,0.01,10.0,13
653,748,2005,17,5,5,5,10,juan-pablo-montoya,mclaren,mercedes,michelin,1:12.292,72292.0,0.363,363.0,0.134,134.0,11
654,748,2005,17,6,6,6,2,rubens-barrichello,ferrari,ferrari,bridgestone,1:12.382,72382.0,0.453,453.0,0.09,90.0,10
655,748,2005,17,7,7,7,1,michael-schumacher,ferrari,ferrari,bridgestone,1:12.453,72453.0,0.524,524.0,0.071,71.0,15
656,748,2005,17,8,8,8,17,ralf-schumacher,toyota,toyota,michelin,1:12.509,72509.0,0.58,580.0,0.056,56.0,18
657,748,2005,17,9,9,9,8,antonio-pizzonia,williams,bmw,michelin,1:12.752,72752.0,0.823,823.0,0.243,243.0,10
658,748,2005,17,10,10,10,12,felipe-massa,sauber,petronas,michelin,1:12.799,72799.0,0.87,870.0,0.047,47.0,11
659,748,2005,17,11,11,11,15,christian-klien,red-bull,cosworth,michelin,1:12.811,72811.0,0.882,882.0,0.012,12.0,12
660,748,2005,17,12,12,12,14,david-coulthard,red-bull,cosworth,michelin,1:13.199,73199.0,1.27,1270.0,0.388,388.0,14
661,748,2005,17,13,13,13,16,jarno-trulli,toyota,toyota,michelin,1:13.222,73222.0,1.293,1293.0,0.023,23.0,14
662,748,2005,17,14,14,14,19,narain-karthikeyan,jordan,toyota,bridgestone,1:13.242,73242.0,1.313,1313.0,0.02,20.0,8
663,748,2005,17,15,15,15,18,tiago-monteiro,jordan,toyota,bridgestone,1:13.305,73305.0,1.376,1376.0,0.063,63.0,18
664,748,2005,17,16,16,16,11,jacques-villeneuve,sauber,petronas,michelin,1:13.508,73508.0,1.579,1579.0,0.203,203.0,16
665,748,2005,17,17,17,17,4,takuma-sato,bar,honda,michelin,1:13.817,73817.0,1.888,1888.0,0.309,309.0,5
666,748,2005,17,18,18,18,21,christijan-albers,minardi,cosworth,bridgestone,1:14.012,74012.0,2.083,2083.0,0.195,195.0,16
667,748,2005,17,19,19,19,7,mark-webber,williams,bmw,michelin,1:14.114,74114.0,2.185,2185.0,0.102,102.0,9
668,748,2005,17,20,20,20,20,robert-doornbos,minardi,cosworth,bridgestone,1:14.595,74595.0,2.666,2666.0,0.481,481.0,17
669,749,2005,18,1,1,1,6,giancarlo-fisichella,renault,renault,michelin,1:50.136,110136.0,,,,,9
670,749,2005,18,2,2,2,19,narain-karthikeyan,jordan,toyota,bridgestone,1:50.150,110150.0,0.014,14.0,0.014,14.0,6
671,749,2005,18,3,3,3,17,ralf-schumacher,toyota,toyota,michelin,1:50.369,110369.0,0.233,233.0,0.219,219.0,8
672,749,2005,18,4,4,4,3,jenson-button,bar,honda,michelin,1:50.920,110920.0,0.784,784.0,0.551,551.0,7
673,749,2005,18,5,5,5,21,christijan-albers,minardi,cosworth,bridgestone,1:50.994,110994.0,0.858,858.0,0.074,74.0,8
674,749,2005,18,6,6,6,18,tiago-monteiro,jordan,toyota,bridgestone,1:51.223,111223.0,1.087,1087.0,0.229,229.0,6
675,749,2005,18,7,7,7,7,mark-webber,williams,bmw,michelin,1:51.274,111274.0,1.138,1138.0,0.051,51.0,5
676,749,2005,18,8,8,8,16,jarno-trulli,toyota,toyota,michelin,1:51.503,111503.0,1.367,1367.0,0.229,229.0,8
677,749,2005,18,9,9,9,14,david-coulthard,red-bull,cosworth,michelin,1:51.710,111710.0,1.574,1574.0,0.207,207.0,9
678,749,2005,18,10,10,10,20,robert-doornbos,minardi,cosworth,bridgestone,1:51.971,111971.0,1.835,1835.0,0.261,261.0,10
679,749,2005,18,11,11,11,5,fernando-alonso,renault,renault,michelin,1:52.667,112667.0,2.531,2531.0,0.696,696.0,9
680,749,2005,18,12,12,12,15,christian-klien,red-bull,cosworth,michelin,1:52.897,112897.0,2.761,2761.0,0.23,230.0,4
681,749,2005,18,13,13,13,11,jacques-villeneuve,sauber,petronas,michelin,1:53.460,113460.0,3.324,3324.0,0.563,563.0,8
682,749,2005,18,14,14,14,2,rubens-barrichello,ferrari,ferrari,bridgestone,1:53.739,113739.0,3.603,3603.0,0.279,279.0,5
683,749,2005,18,15,15,15,12,felipe-massa,sauber,petronas,michelin,1:53.842,113842.0,3.706,3706.0,0.103,103.0,8
684,749,2005,18,16,16,16,4,takuma-sato,bar,honda,michelin,1:54.307,114307.0,4.171,4171.0,0.465,465.0,8
685,749,2005,18,17,17,17,8,antonio-pizzonia,williams,bmw,michelin,2:01.075,121075.0,10.939,10939.0,6.768,6768.0,4
686,750,2005,19,1,1,1,9,kimi-raikkonen,mclaren,mercedes,michelin,1:33.212,93212.0,,,,,12
687,750,2005,19,2,2,2,10,juan-pablo-montoya,mclaren,mercedes,michelin,1:33.554,93554.0,0.342,342.0,0.342,342.0,12
688,750,2005,19,3,3,3,5,fernando-alonso,renault,renault,michelin,1:33.793,93793.0,0.581,581.0,0.239,239.0,13
689,750,2005,19,4,4,4,6,giancarlo-fisichella,renault,renault,michelin,1:34.392,94392.0,1.18,1180.0,0.599,599.0,11
690,750,2005,19,5,5,5,14,david-coulthard,red-bull,cosworth,michelin,1:34.453,94453.0,1.241,1241.0,0.061,61.0,14
691,750,2005,19,6,6,6,2,rubens-barrichello,ferrari,ferrari,bridgestone,1:34.535,94535.0,1.323,1323.0,0.082,82.0,12
692,750,2005,19,7,7,7,3,jenson-button,bar,honda,michelin,1:34.729,94729.0,1.517,1517.0,0.194,194.0,12
693,750,2005,19,8,8,8,1,michael-schumacher,ferrari,ferrari,bridgestone,1:34.807,94807.0,1.595,1595.0,0.078,78.0,11
694,750,2005,19,9,9,9,8,antonio-pizzonia,williams,bmw,michelin,1:34.835,94835.0,1.623,1623.0,0.028,28.0,10
695,750,2005,19,10,10,10,7,mark-webber,williams,bmw,michelin,1:35.004,95004.0,1.792,1792.0,0.169,169.0,8
696,750,2005,19,11,11,11,16,jarno-trulli,toyota,toyota,michelin,1:35.107,95107.0,1.895,1895.0,0.103,103.0,13
697,750,2005,19,12,12,12,15,christian-klien,red-bull,cosworth,michelin,1:35.179,95179.0,1.967,1967.0,0.072,72.0,13
698,750,2005,19,13,13,13,4,takuma-sato,bar,honda,michelin,1:35.280,95280.0,2.068,2068.0,0.101,101.0,17
699,750,2005,19,14,14,14,19,narain-karthikeyan,jordan,toyota,bridgestone,1:35.310,95310.0,2.098,2098.0,0.03,30.0,3
700,750,2005,19,15,15,15,17,ralf-schumacher,toyota,toyota,michelin,1:35.371,95371.0,2.159,2159.0,0.061,61.0,15
701,750,2005,19,16,16,16,18,tiago-monteiro,jordan,toyota,bridgestone,1:35.488,95488.0,2.276,2276.0,0.117,117.0,8
702,750,2005,19,17,17,17,12,felipe-massa,sauber,petronas,michelin,1:35.693,95693.0,2.481,2481.0,0.205,205.0,13
703,750,2005,19,18,18,18,21,christijan-albers,minardi,cosworth,bridgestone,1:36.397,96397.0,3.185,3185.0,0.704,704.0,15
704,750,2005,19,19,19,19,11,jacques-villeneuve,sauber,petronas,michelin,1:36.417,96417.0,3.205,3205.0,0.02,20.0,11
705,750,2005,19,20,20,20,20,robert-doornbos,minardi,cosworth,bridgestone,1:36.558,96558.0,3.346,3346.0,0.141,141.0,14
